run_dir,name,rate,size,mitigation,attack_method,duration,attack_delay,attack_length,avg_cpu_attack,max_cpu_attack,avg_packetin_attack,max_packetin_attack,avg_rtt_existing_attack_ms,avg_rtt_new_attack_ms,avg_iperf_existing_mbps,avg_iperf_new_mbps,mitigated_drop_count,dropped_unknown_count,dropped_overrate_count,max_escalated_ports,lockdown_packetin_reduction_pct,lockdown_total_pps_reduction_pct,lockdown_avg_escalated_ports
/users/viliang/Self_Healing_SDN_Controller/results/baseline_no_attack_20260516_191726,baseline_no_attack,0.0,256.0,on,scapy,90.0,15.0,0.0,0.0,0.0,0.0,0.0,4.8,0.0,72.4429,41.951,0.0,0.0,0.0,0.0,0.0,0.0,0.0
/users/viliang/Self_Healing_SDN_Controller/results/baseline_no_attack_20260516_201108,baseline_no_attack,0.0,256.0,on,scapy,90.0,15.0,0.0,0.0,0.0,0.0,0.0,8.6,21.0,80.3901,27.9196,0.0,0.0,0.0,0.0,0.0,0.0,0.0
/users/viliang/Self_Healing_SDN_Controller/results/baseline_no_attack_20260516_220752,baseline_no_attack,0.0,256.0,on,scapy,90.0,15.0,0.0,0.0,0.0,0.0,0.0,5.75,0.0,95.8385,0.0,0.0,0.0,0.0,0.0,0.0,0.0,0.0
/users/viliang/Self_Healing_SDN_Controller/results/baseline_no_attack_20260516_221755,baseline_no_attack,0.0,256.0,on,scapy,90.0,15.0,0.0,0.0,0.0,0.0,0.0,9.67,0.0,95.7966,0.0,0.0,0.0,0.0,0.0,0.0,0.0,0.0
/users/viliang/Self_Healing_SDN_Controller/results/baseline_no_attack_20260516_221915,baseline_no_attack,0.0,256.0,on,scapy,90.0,15.0,0.0,0.0,0.0,0.0,0.0,8.55,11.5,61.2187,48.7647,0.0,0.0,0.0,0.0,0.0,0.0,0.0
/users/viliang/Self_Healing_SDN_Controller/results/rate_10000_scapy_mit_on_20260516_202548,rate_10000_scapy_mit_on,10000.0,256.0,on,scapy,90.0,15.0,45.0,22.4743,33.71,215.1059,386.33,13.6084,13.8429,76.3484,35.102,10372.0,10371.0,1.0,3.0,19.0363,35.3867,2.7073
/users/viliang/Self_Healing_SDN_Controller/results/rate_100_scapy_mit_on_20260516_222053,rate_100_scapy_mit_on,100.0,256.0,on,scapy,90.0,15.0,45.0,1.4089,2.0,0.0,0.0,11.9365,14.6747,49.5736,13.7304,0.0,0.0,0.0,0.0,0.0,0.0,0.0
/users/viliang/Self_Healing_SDN_Controller/results/rate_100_scapy_mit_on_20260516_222552,rate_100_scapy_mit_on,100.0,256.0,on,scapy,90.0,15.0,45.0,15.9414,37.06,117.2502,300.0,21.0515,21.5357,82.5637,23.6706,3713.0,3712.0,1.0,2.0,66.7154,74.8598,0.9412
/users/viliang/Self_Healing_SDN_Controller/results/rate_1200_scapy_mit_on_20260516_201917,rate_1200_scapy_mit_on,1200.0,256.0,on,scapy,90.0,15.0,45.0,17.0045,22.46,171.1816,304.0,13.1997,16.5043,85.1516,19.398,7934.0,7933.0,1.0,3.0,-5.4987,77.1492,2.5714
/users/viliang/Self_Healing_SDN_Controller/results/rate_1500_scapy_mit_on_20260516_202055,rate_1500_scapy_mit_on,1500.0,256.0,on,scapy,90.0,15.0,45.0,18.3807,25.07,183.652,355.0,9.4773,14.7023,77.8901,32.2255,8474.0,8473.0,1.0,3.0,38.3115,57.176,2.6341
/users/viliang/Self_Healing_SDN_Controller/results/rate_1600_scapy_mit_on_20260516_222211,rate_1600_scapy_mit_on,1600.0,256.0,on,scapy,90.0,15.0,45.0,1.63,1.63,0.0,0.0,8.4941,8.3916,13.0718,25.8431,0.0,0.0,0.0,0.0,0.0,0.0,0.0
/users/viliang/Self_Healing_SDN_Controller/results/rate_1600_scapy_mit_on_20260516_223224,rate_1600_scapy_mit_on,1600.0,256.0,on,scapy,90.0,15.0,45.0,19.2343,30.54,180.0534,366.67,17.7196,25.0357,74.9956,37.2843,7688.0,7687.0,1.0,3.0,50.0517,63.6622,1.8205
/users/viliang/Self_Healing_SDN_Controller/results/rate_200_scapy_mit_on_20260516_222112,rate_200_scapy_mit_on,200.0,256.0,on,scapy,90.0,15.0,45.0,1.6039,2.0,0.0,0.0,14.4292,9.735,22.7773,8.7251,0.0,0.0,0.0,0.0,0.0,0.0,0.0
/users/viliang/Self_Healing_SDN_Controller/results/rate_200_scapy_mit_on_20260516_222730,rate_200_scapy_mit_on,200.0,256.0,on,scapy,90.0,15.0,45.0,15.5393,29.32,134.8414,338.0,13.9453,15.0264,74.122,38.7882,5760.0,5759.0,1.0,1.0,59.3611,72.6509,0.0769
/users/viliang/Self_Healing_SDN_Controller/results/rate_3000_scapy_mit_on_20260516_202233,rate_3000_scapy_mit_on,3000.0,256.0,on,scapy,90.0,15.0,45.0,20.7345,30.94,200.9166,340.0,14.8408,18.8029,84.1308,20.8882,9429.0,9428.0,1.0,2.0,1.8222,71.6766,1.7073
/users/viliang/Self_Healing_SDN_Controller/results/rate_3200_scapy_mit_on_20260516_222231,rate_3200_scapy_mit_on,3200.0,256.0,on,scapy,90.0,15.0,45.0,1.63,1.63,0.0,0.0,8.5547,7.8279,25.456,23.4802,0.0,0.0,0.0,0.0,0.0,0.0,0.0
/users/viliang/Self_Healing_SDN_Controller/results/rate_3200_scapy_mit_on_20260516_223402,rate_3200_scapy_mit_on,3200.0,256.0,on,scapy,90.0,15.0,45.0,21.0141,29.71,193.4773,475.33,13.4478,13.8819,73.7725,39.6294,8563.0,8562.0,1.0,3.0,50.1405,61.2958,2.1538
/users/viliang/Self_Healing_SDN_Controller/results/rate_400_scapy_mit_on_20260516_222132,rate_400_scapy_mit_on,400.0,256.0,on,scapy,90.0,15.0,45.0,1.63,1.63,0.0,0.0,13.3059,8.7689,13.7564,30.1647,0.0,0.0,0.0,0.0,0.0,0.0,0.0
/users/viliang/Self_Healing_SDN_Controller/results/rate_400_scapy_mit_on_20260516_222908,rate_400_scapy_mit_on,400.0,256.0,on,scapy,90.0,15.0,45.0,17.6152,28.47,166.6668,304.67,15.5422,15.9314,79.944,28.5098,7196.0,7157.0,1.0,1.0,43.0967,58.8706,0.0513
/users/viliang/Self_Healing_SDN_Controller/results/rate_5000_scapy_mit_on_20260516_202410,rate_5000_scapy_mit_on,5000.0,256.0,on,scapy,90.0,15.0,45.0,23.3898,32.34,228.8936,392.0,11.5645,14.12,74.8198,37.5706,11066.0,11065.0,1.0,3.0,14.8539,65.0139,2.6341
/users/viliang/Self_Healing_SDN_Controller/results/rate_600_scapy_mit_on_20260516_201601,rate_600_scapy_mit_on,600.0,256.0,on,scapy,90.0,15.0,45.0,15.063,20.41,143.8559,240.0,13.3968,17.6657,78.9407,30.4294,6920.0,6919.0,1.0,3.0,-39.3169,71.8871,2.6341
/users/viliang/Self_Healing_SDN_Controller/results/rate_800_scapy_mit_on_20260516_222151,rate_800_scapy_mit_on,800.0,256.0,on,scapy,90.0,15.0,45.0,1.63,1.63,0.0,0.0,9.5353,9.2419,10.3069,17.9298,0.0,0.0,0.0,0.0,0.0,0.0,0.0
/users/viliang/Self_Healing_SDN_Controller/results/rate_800_scapy_mit_on_20260516_223046,rate_800_scapy_mit_on,800.0,256.0,on,scapy,90.0,15.0,45.0,18.2061,26.09,185.9239,466.0,12.2887,9.6339,76.0044,35.4824,8257.0,8256.0,1.0,3.0,49.1735,81.6921,1.825
/users/viliang/Self_Healing_SDN_Controller/results/rate_900_scapy_mit_on_20260516_201739,rate_900_scapy_mit_on,900.0,256.0,on,scapy,90.0,15.0,45.0,17.093,22.47,171.8173,274.33,9.9687,9.5027,77.3077,33.2431,8242.0,8241.0,1.0,1.0,-66.4639,69.9891,0.881
/users/viliang/Self_Healing_SDN_Controller/results/scapy_attack_mit_off_20260516_191904,scapy_attack_mit_off,3000.0,256.0,off,scapy,90.0,15.0,45.0,39.2595,50.09,359.7575,495.67,14.8642,13.8063,76.6681,34.7569,0.0,0.0,0.0,0.0,0.0,0.0,0.0
/users/viliang/Self_Healing_SDN_Controller/results/scapy_attack_mit_off_20260516_201245,scapy_attack_mit_off,3000.0,256.0,off,scapy,90.0,15.0,45.0,38.6636,49.04,367.5607,660.0,15.0823,8.866,80.3835,27.6863,0.0,0.0,0.0,0.0,0.0,0.0,0.0
/users/viliang/Self_Healing_SDN_Controller/results/scapy_attack_mit_on_20260516_192041,scapy_attack_mit_on,3000.0,256.0,on,scapy,90.0,15.0,45.0,22.0155,30.22,210.8786,370.0,10.1384,10.9841,81.589,25.5078,10254.0,10253.0,1.0,3.0,-40.9647,60.924,2.625
/users/viliang/Self_Healing_SDN_Controller/results/scapy_attack_mit_on_20260516_201423,scapy_attack_mit_on,3000.0,256.0,on,scapy,90.0,15.0,45.0,18.5273,28.32,164.9623,310.0,20.5441,13.2897,90.1077,10.2322,8059.0,8058.0,1.0,3.0,-10.9129,73.5881,2.625
/users/viliang/Self_Healing_SDN_Controller/results/size_256_scapy_mit_on_20260516_193522,size_256_scapy_mit_on,1200.0,256.0,on,scapy,90.0,15.0,45.0,17.5459,24.83,177.5068,352.0,10.3347,11.0073,80.4374,27.5627,8432.0,8431.0,1.0,3.0,-7.2162,77.6345,2.6429
/users/viliang/Self_Healing_SDN_Controller/results/size_256_scapy_mit_on_20260516_202904,size_256_scapy_mit_on,1200.0,256.0,on,scapy,90.0,15.0,45.0,17.8423,26.05,182.9777,418.67,11.2548,12.0976,73.2176,40.5314,8553.0,8552.0,1.0,3.0,-2.6487,79.3343,2.6429
/users/viliang/Self_Healing_SDN_Controller/results/size_512_scapy_mit_on_20260516_193700,size_512_scapy_mit_on,1200.0,512.0,on,scapy,90.0,15.0,45.0,17.8161,23.94,179.8564,278.67,16.5391,20.3888,80.8538,26.8098,8254.0,8253.0,1.0,3.0,17.0817,28.7404,2.7073
/users/viliang/Self_Healing_SDN_Controller/results/size_512_scapy_mit_on_20260516_203042,size_512_scapy_mit_on,1200.0,512.0,on,scapy,90.0,15.0,45.0,17.1934,22.6,170.6816,320.0,23.7604,14.511,79.7637,28.7882,7831.0,7830.0,1.0,4.0,20.7625,69.7994,3.1707
/users/viliang/Self_Healing_SDN_Controller/results/size_64_scapy_mit_on_20260516_193344,size_64_scapy_mit_on,1200.0,64.0,on,scapy,90.0,15.0,45.0,17.7857,24.91,184.6364,267.33,8.0546,9.6817,66.067,53.3059,9249.0,9248.0,1.0,3.0,-85.0411,67.9264,2.6341
/users/viliang/Self_Healing_SDN_Controller/results/size_64_scapy_mit_on_20260516_202726,size_64_scapy_mit_on,1200.0,64.0,on,scapy,90.0,15.0,45.0,18.183,24.76,190.0909,334.67,10.0676,11.7767,71.3868,43.9059,9078.0,9077.0,1.0,3.0,-2.0682,81.5423,2.561
