run,configured_attack_rate_pps,t,existing_trusted_rtt_ms,packet_in_rate
rate_600_scapy_mit_on_20260516_192219,600,5.0,7.19,0.0
rate_600_scapy_mit_on_20260516_192219,600,5.5,8.22,0.0
rate_600_scapy_mit_on_20260516_192219,600,6.0,8.94,0.0
rate_600_scapy_mit_on_20260516_192219,600,6.5,4.26,0.0
rate_600_scapy_mit_on_20260516_192219,600,7.0,4.63,0.0
rate_600_scapy_mit_on_20260516_192219,600,7.5,10.1,0.0
rate_600_scapy_mit_on_20260516_192219,600,8.0,5.39,0.0
rate_600_scapy_mit_on_20260516_192219,600,8.5,5.88,0.0
rate_600_scapy_mit_on_20260516_192219,600,9.0,6.82,0.0
rate_600_scapy_mit_on_20260516_192219,600,9.5,6.65,0.0
rate_600_scapy_mit_on_20260516_192219,600,10.0,6.66,0.0
rate_600_scapy_mit_on_20260516_192219,600,10.5,6.71,0.0
rate_600_scapy_mit_on_20260516_192219,600,11.0,6.83,0.0
rate_600_scapy_mit_on_20260516_192219,600,11.5,7.72,0.0
rate_600_scapy_mit_on_20260516_192219,600,12.0,8.4,0.0
rate_600_scapy_mit_on_20260516_192219,600,12.5,8.66,0.0
rate_600_scapy_mit_on_20260516_192219,600,13.0,8.69,0.0
rate_600_scapy_mit_on_20260516_192219,600,13.5,8.71,0.0
rate_600_scapy_mit_on_20260516_192219,600,14.0,8.72,0.0
rate_600_scapy_mit_on_20260516_192219,600,14.5,8.84,0.0
rate_600_scapy_mit_on_20260516_192219,600,15.0,8.66,0.0
rate_600_scapy_mit_on_20260516_192219,600,15.5,8.78,0.0
rate_600_scapy_mit_on_20260516_192219,600,16.0,8.77,0.0
rate_600_scapy_mit_on_20260516_192219,600,16.5,8.72,0.0
rate_600_scapy_mit_on_20260516_192219,600,17.0,9.32,0.0
rate_600_scapy_mit_on_20260516_192219,600,17.5,9.51,0.0
rate_600_scapy_mit_on_20260516_192219,600,18.0,9.81,56.33
rate_600_scapy_mit_on_20260516_192219,600,18.5,9.77,56.33
rate_600_scapy_mit_on_20260516_192219,600,19.0,9.71,198.67
rate_600_scapy_mit_on_20260516_192219,600,19.5,7.26,198.67
rate_600_scapy_mit_on_20260516_192219,600,20.0,10.4,268.67
rate_600_scapy_mit_on_20260516_192219,600,20.5,10.8,268.67
rate_600_scapy_mit_on_20260516_192219,600,21.0,8.23,290.33
rate_600_scapy_mit_on_20260516_192219,600,21.5,11.3,290.33
rate_600_scapy_mit_on_20260516_192219,600,22.0,12.0,290.33
rate_600_scapy_mit_on_20260516_192219,600,22.5,7.35,229.67
rate_600_scapy_mit_on_20260516_192219,600,23.0,8.01,229.67
rate_600_scapy_mit_on_20260516_192219,600,23.5,8.83,245.67
rate_600_scapy_mit_on_20260516_192219,600,24.0,8.42,245.67
rate_600_scapy_mit_on_20260516_192219,600,24.5,9.02,192.0
rate_600_scapy_mit_on_20260516_192219,600,25.0,9.52,192.0
rate_600_scapy_mit_on_20260516_192219,600,25.5,9.86,160.0
rate_600_scapy_mit_on_20260516_192219,600,26.0,10.5,160.0
rate_600_scapy_mit_on_20260516_192219,600,26.5,11.0,113.0
rate_600_scapy_mit_on_20260516_192219,600,27.0,12.3,113.0
rate_600_scapy_mit_on_20260516_192219,600,27.5,11.9,113.33
rate_600_scapy_mit_on_20260516_192219,600,28.0,7.53,113.33
rate_600_scapy_mit_on_20260516_192219,600,28.5,10.4,112.0
rate_600_scapy_mit_on_20260516_192219,600,29.0,8.01,112.0
rate_600_scapy_mit_on_20260516_192219,600,29.5,9.36,114.0
rate_600_scapy_mit_on_20260516_192219,600,30.0,9.49,114.0
rate_600_scapy_mit_on_20260516_192219,600,30.5,9.46,140.0
rate_600_scapy_mit_on_20260516_192219,600,31.0,10.3,140.0
rate_600_scapy_mit_on_20260516_192219,600,31.5,10.9,156.0
rate_600_scapy_mit_on_20260516_192219,600,32.0,8.18,156.0
rate_600_scapy_mit_on_20260516_192219,600,32.5,8.86,208.33
rate_600_scapy_mit_on_20260516_192219,600,33.0,9.93,208.33
rate_600_scapy_mit_on_20260516_192219,600,33.5,10.5,220.33
rate_600_scapy_mit_on_20260516_192219,600,34.0,10.9,220.33
rate_600_scapy_mit_on_20260516_192219,600,34.5,8.91,243.67
rate_600_scapy_mit_on_20260516_192219,600,35.0,8.91,243.67
rate_600_scapy_mit_on_20260516_192219,600,35.5,9.78,240.33
rate_600_scapy_mit_on_20260516_192219,600,36.0,9.8,240.33
rate_600_scapy_mit_on_20260516_192219,600,36.5,9.81,216.0
rate_600_scapy_mit_on_20260516_192219,600,37.0,7.32,216.0
rate_600_scapy_mit_on_20260516_192219,600,37.5,7.83,216.33
rate_600_scapy_mit_on_20260516_192219,600,38.0,10.2,216.33
rate_600_scapy_mit_on_20260516_192219,600,38.5,10.8,194.67
rate_600_scapy_mit_on_20260516_192219,600,39.0,8.17,194.67
rate_600_scapy_mit_on_20260516_192219,600,39.5,9.85,196.0
rate_600_scapy_mit_on_20260516_192219,600,40.0,12.5,196.0
rate_600_scapy_mit_on_20260516_192219,600,40.5,13.2,196.0
rate_600_scapy_mit_on_20260516_192219,600,41.0,13.4,196.0
rate_600_scapy_mit_on_20260516_192219,600,41.5,10.1,193.0
rate_600_scapy_mit_on_20260516_192219,600,42.0,12.1,193.0
rate_600_scapy_mit_on_20260516_192219,600,42.5,10.3,209.33
rate_600_scapy_mit_on_20260516_192219,600,43.0,10.7,209.33
rate_600_scapy_mit_on_20260516_192219,600,43.5,9.41,183.67
rate_600_scapy_mit_on_20260516_192219,600,44.0,11.4,183.67
rate_600_scapy_mit_on_20260516_192219,600,44.5,12.3,158.67
rate_600_scapy_mit_on_20260516_192219,600,45.0,12.4,158.67
rate_600_scapy_mit_on_20260516_192219,600,45.5,8.47,158.67
rate_600_scapy_mit_on_20260516_192219,600,46.0,9.04,136.0
rate_600_scapy_mit_on_20260516_192219,600,46.5,9.42,136.0
rate_600_scapy_mit_on_20260516_192219,600,47.0,9.46,142.0
rate_600_scapy_mit_on_20260516_192219,600,47.5,11.1,142.0
rate_600_scapy_mit_on_20260516_192219,600,48.0,13.2,173.67
rate_600_scapy_mit_on_20260516_192219,600,48.5,9.28,173.67
rate_600_scapy_mit_on_20260516_192219,600,49.0,11.0,188.67
rate_600_scapy_mit_on_20260516_192219,600,49.5,9.84,188.67
rate_600_scapy_mit_on_20260516_192219,600,50.0,10.0,186.0
rate_600_scapy_mit_on_20260516_192219,600,50.5,10.3,186.0
rate_600_scapy_mit_on_20260516_192219,600,51.0,10.5,152.67
rate_600_scapy_mit_on_20260516_192219,600,51.5,12.5,152.67
rate_600_scapy_mit_on_20260516_192219,600,52.0,8.43,145.33
rate_600_scapy_mit_on_20260516_192219,600,52.5,13.2,145.33
rate_600_scapy_mit_on_20260516_192219,600,53.0,10.6,172.67
rate_600_scapy_mit_on_20260516_192219,600,53.5,10.9,172.67
rate_600_scapy_mit_on_20260516_192219,600,54.0,8.38,226.0
rate_600_scapy_mit_on_20260516_192219,600,54.5,11.1,226.0
rate_600_scapy_mit_on_20260516_192219,600,55.0,12.8,265.33
rate_600_scapy_mit_on_20260516_192219,600,55.5,9.76,265.33
rate_600_scapy_mit_on_20260516_192219,600,56.0,9.71,264.67
rate_600_scapy_mit_on_20260516_192219,600,56.5,11.3,264.67
rate_600_scapy_mit_on_20260516_192219,600,57.0,10.8,224.0
rate_600_scapy_mit_on_20260516_192219,600,57.5,9.64,224.0
rate_600_scapy_mit_on_20260516_192219,600,58.0,11.6,197.33
rate_600_scapy_mit_on_20260516_192219,600,58.5,13.4,197.33
rate_600_scapy_mit_on_20260516_192219,600,59.0,9.49,170.0
rate_600_scapy_mit_on_20260516_192219,600,59.5,12.0,170.0
rate_600_scapy_mit_on_20260516_192219,600,60.0,9.02,161.0
rate_600_scapy_mit_on_20260516_192219,600,60.5,11.8,161.0
rate_600_scapy_mit_on_20260516_192219,600,61.0,11.2,180.0
rate_600_scapy_mit_on_20260516_192219,600,61.5,11.8,180.0
rate_600_scapy_mit_on_20260516_192219,600,62.0,11.9,180.33
rate_600_scapy_mit_on_20260516_192219,600,62.5,8.58,180.33
rate_600_scapy_mit_on_20260516_192219,600,63.0,9.28,204.0
rate_600_scapy_mit_on_20260516_192219,600,63.5,9.67,204.0
rate_600_scapy_mit_on_20260516_192219,600,64.0,10.1,119.67
rate_600_scapy_mit_on_20260516_192219,600,64.5,12.4,119.67
rate_600_scapy_mit_on_20260516_192219,600,65.0,11.9,56.0
rate_600_scapy_mit_on_20260516_192219,600,65.5,11.8,56.0
rate_600_scapy_mit_on_20260516_192219,600,66.0,11.3,0.0
rate_600_scapy_mit_on_20260516_192219,600,66.5,11.4,0.0
rate_600_scapy_mit_on_20260516_192219,600,67.0,9.61,0.0
rate_600_scapy_mit_on_20260516_192219,600,67.5,12.6,0.0
rate_600_scapy_mit_on_20260516_192219,600,68.0,9.68,0.0
rate_600_scapy_mit_on_20260516_192219,600,68.5,12.2,0.0
rate_600_scapy_mit_on_20260516_192219,600,69.0,10.5,0.0
rate_600_scapy_mit_on_20260516_192219,600,69.5,12.1,0.0
rate_600_scapy_mit_on_20260516_192219,600,70.0,14.0,0.0
rate_600_scapy_mit_on_20260516_192219,600,70.5,12.2,0.0
rate_600_scapy_mit_on_20260516_192219,600,71.0,12.7,0.0
rate_600_scapy_mit_on_20260516_192219,600,71.5,7.47,0.0
rate_600_scapy_mit_on_20260516_192219,600,72.0,7.79,0.0
rate_600_scapy_mit_on_20260516_192219,600,72.5,10.2,0.0
rate_600_scapy_mit_on_20260516_192219,600,73.0,7.53,0.0
rate_600_scapy_mit_on_20260516_192219,600,73.5,11.4,0.0
rate_600_scapy_mit_on_20260516_192219,600,74.0,10.2,0.0
rate_600_scapy_mit_on_20260516_192219,600,74.5,12.4,0.0
rate_600_scapy_mit_on_20260516_192219,600,75.0,10.7,0.0
rate_600_scapy_mit_on_20260516_192219,600,75.5,11.8,0.0
rate_600_scapy_mit_on_20260516_192219,600,76.0,11.0,0.0
rate_600_scapy_mit_on_20260516_192219,600,76.5,12.2,0.0
rate_600_scapy_mit_on_20260516_192219,600,77.0,12.2,0.0
rate_600_scapy_mit_on_20260516_192219,600,77.5,12.0,0.0
rate_600_scapy_mit_on_20260516_192219,600,78.0,13.7,0.0
rate_600_scapy_mit_on_20260516_192219,600,78.5,11.8,0.0
rate_600_scapy_mit_on_20260516_192219,600,79.0,10.2,0.0
rate_600_scapy_mit_on_20260516_192219,600,79.5,9.17,0.0
rate_600_scapy_mit_on_20260516_192219,600,80.0,9.82,0.0
rate_600_scapy_mit_on_20260516_192219,600,80.5,11.3,0.0
rate_600_scapy_mit_on_20260516_192219,600,81.0,13.3,0.0
rate_600_scapy_mit_on_20260516_192219,600,81.5,10.2,0.0
rate_600_scapy_mit_on_20260516_192219,600,82.0,10.2,0.0
rate_600_scapy_mit_on_20260516_192219,600,82.5,9.16,0.0
rate_600_scapy_mit_on_20260516_192219,600,83.0,11.5,0.0
rate_600_scapy_mit_on_20260516_192219,600,83.5,12.7,0.0
rate_600_scapy_mit_on_20260516_192219,600,84.0,13.9,0.0
rate_600_scapy_mit_on_20260516_192219,600,84.5,13.1,0.0
rate_600_scapy_mit_on_20260516_192219,600,85.0,9.91,0.0
rate_600_scapy_mit_on_20260516_192219,600,85.5,21.2,0.0
rate_600_scapy_mit_on_20260516_192219,600,86.0,21.0,0.0
rate_600_scapy_mit_on_20260516_192219,600,86.5,20.2,0.0
rate_600_scapy_mit_on_20260516_192219,600,87.0,21.8,0.0
rate_600_scapy_mit_on_20260516_192219,600,87.5,20.4,0.0
rate_600_scapy_mit_on_20260516_192219,600,88.0,20.7,0.0
rate_600_scapy_mit_on_20260516_192219,600,88.5,20.9,0.0
rate_600_scapy_mit_on_20260516_192219,600,89.0,21.0,0.0
rate_600_scapy_mit_on_20260516_192219,600,89.5,18.4,0.0
rate_900_scapy_mit_on_20260516_192357,900,5.0,7.75,0.0
rate_900_scapy_mit_on_20260516_192357,900,5.5,7.61,0.0
rate_900_scapy_mit_on_20260516_192357,900,6.0,8.88,0.0
rate_900_scapy_mit_on_20260516_192357,900,6.5,4.44,0.0
rate_900_scapy_mit_on_20260516_192357,900,7.0,5.91,0.0
rate_900_scapy_mit_on_20260516_192357,900,7.5,6.79,0.0
rate_900_scapy_mit_on_20260516_192357,900,8.0,7.63,0.0
rate_900_scapy_mit_on_20260516_192357,900,8.5,7.85,0.0
rate_900_scapy_mit_on_20260516_192357,900,9.0,7.63,0.0
rate_900_scapy_mit_on_20260516_192357,900,9.5,7.73,0.0
rate_900_scapy_mit_on_20260516_192357,900,10.0,7.83,0.0
rate_900_scapy_mit_on_20260516_192357,900,10.5,7.82,0.0
rate_900_scapy_mit_on_20260516_192357,900,11.0,8.83,0.0
rate_900_scapy_mit_on_20260516_192357,900,11.5,4.16,0.0
rate_900_scapy_mit_on_20260516_192357,900,12.0,4.73,0.0
rate_900_scapy_mit_on_20260516_192357,900,12.5,4.63,0.0
rate_900_scapy_mit_on_20260516_192357,900,13.0,4.87,0.0
rate_900_scapy_mit_on_20260516_192357,900,13.5,5.6,0.0
rate_900_scapy_mit_on_20260516_192357,900,14.0,5.87,0.0
rate_900_scapy_mit_on_20260516_192357,900,14.5,5.76,0.0
rate_900_scapy_mit_on_20260516_192357,900,15.0,6.72,0.0
rate_900_scapy_mit_on_20260516_192357,900,15.5,6.71,0.0
rate_900_scapy_mit_on_20260516_192357,900,16.0,6.72,0.0
rate_900_scapy_mit_on_20260516_192357,900,16.5,6.73,0.0
rate_900_scapy_mit_on_20260516_192357,900,17.0,6.79,0.0
rate_900_scapy_mit_on_20260516_192357,900,17.5,8.51,0.0
rate_900_scapy_mit_on_20260516_192357,900,18.0,8.91,0.0
rate_900_scapy_mit_on_20260516_192357,900,18.5,9.92,0.0
rate_900_scapy_mit_on_20260516_192357,900,19.0,8.19,192.0
rate_900_scapy_mit_on_20260516_192357,900,19.5,13.9,192.0
rate_900_scapy_mit_on_20260516_192357,900,20.0,9.59,280.33
rate_900_scapy_mit_on_20260516_192357,900,20.5,9.71,280.33
rate_900_scapy_mit_on_20260516_192357,900,21.0,9.86,381.0
rate_900_scapy_mit_on_20260516_192357,900,21.5,7.09,381.0
rate_900_scapy_mit_on_20260516_192357,900,22.0,10.8,282.0
rate_900_scapy_mit_on_20260516_192357,900,22.5,11.7,282.0
rate_900_scapy_mit_on_20260516_192357,900,23.0,11.7,282.0
rate_900_scapy_mit_on_20260516_192357,900,23.5,9.23,272.0
rate_900_scapy_mit_on_20260516_192357,900,24.0,9.91,272.0
rate_900_scapy_mit_on_20260516_192357,900,24.5,10.4,208.33
rate_900_scapy_mit_on_20260516_192357,900,25.0,10.9,208.33
rate_900_scapy_mit_on_20260516_192357,900,25.5,13.3,145.67
rate_900_scapy_mit_on_20260516_192357,900,26.0,8.51,145.67
rate_900_scapy_mit_on_20260516_192357,900,26.5,8.55,142.67
rate_900_scapy_mit_on_20260516_192357,900,27.0,8.97,142.67
rate_900_scapy_mit_on_20260516_192357,900,27.5,7.7,169.0
rate_900_scapy_mit_on_20260516_192357,900,28.0,10.3,169.0
rate_900_scapy_mit_on_20260516_192357,900,28.5,8.29,223.33
rate_900_scapy_mit_on_20260516_192357,900,29.0,11.6,223.33
rate_900_scapy_mit_on_20260516_192357,900,29.5,11.3,248.67
rate_900_scapy_mit_on_20260516_192357,900,30.0,6.51,248.67
rate_900_scapy_mit_on_20260516_192357,900,30.5,9.76,274.67
rate_900_scapy_mit_on_20260516_192357,900,31.0,12.7,274.67
rate_900_scapy_mit_on_20260516_192357,900,31.5,9.88,271.67
rate_900_scapy_mit_on_20260516_192357,900,32.0,10.9,271.67
rate_900_scapy_mit_on_20260516_192357,900,32.5,8.9,238.67
rate_900_scapy_mit_on_20260516_192357,900,33.0,7.12,238.67
rate_900_scapy_mit_on_20260516_192357,900,33.5,9.69,183.0
rate_900_scapy_mit_on_20260516_192357,900,34.0,10.2,183.0
rate_900_scapy_mit_on_20260516_192357,900,34.5,10.9,141.0
rate_900_scapy_mit_on_20260516_192357,900,35.0,9.48,141.0
rate_900_scapy_mit_on_20260516_192357,900,35.5,9.63,166.0
rate_900_scapy_mit_on_20260516_192357,900,36.0,9.7,166.0
rate_900_scapy_mit_on_20260516_192357,900,36.5,9.71,167.0
rate_900_scapy_mit_on_20260516_192357,900,37.0,9.81,167.0
rate_900_scapy_mit_on_20260516_192357,900,37.5,9.58,168.0
rate_900_scapy_mit_on_20260516_192357,900,38.0,6.97,168.0
rate_900_scapy_mit_on_20260516_192357,900,38.5,10.8,182.33
rate_900_scapy_mit_on_20260516_192357,900,39.0,6.71,182.33
rate_900_scapy_mit_on_20260516_192357,900,39.5,8.35,193.67
rate_900_scapy_mit_on_20260516_192357,900,40.0,11.9,193.67
rate_900_scapy_mit_on_20260516_192357,900,40.5,9.65,177.67
rate_900_scapy_mit_on_20260516_192357,900,41.0,11.9,177.67
rate_900_scapy_mit_on_20260516_192357,900,41.5,10.3,148.67
rate_900_scapy_mit_on_20260516_192357,900,42.0,10.4,148.67
rate_900_scapy_mit_on_20260516_192357,900,42.5,12.3,156.33
rate_900_scapy_mit_on_20260516_192357,900,43.0,12.0,156.33
rate_900_scapy_mit_on_20260516_192357,900,43.5,12.3,207.0
rate_900_scapy_mit_on_20260516_192357,900,44.0,11.1,207.0
rate_900_scapy_mit_on_20260516_192357,900,44.5,11.7,219.0
rate_900_scapy_mit_on_20260516_192357,900,45.0,11.8,219.0
rate_900_scapy_mit_on_20260516_192357,900,45.5,12.5,243.0
rate_900_scapy_mit_on_20260516_192357,900,46.0,14.2,243.0
rate_900_scapy_mit_on_20260516_192357,900,46.5,9.68,243.0
rate_900_scapy_mit_on_20260516_192357,900,47.0,9.1,213.0
rate_900_scapy_mit_on_20260516_192357,900,47.5,13.2,213.0
rate_900_scapy_mit_on_20260516_192357,900,48.0,11.7,183.0
rate_900_scapy_mit_on_20260516_192357,900,48.5,11.7,183.0
rate_900_scapy_mit_on_20260516_192357,900,49.0,11.6,158.67
rate_900_scapy_mit_on_20260516_192357,900,49.5,12.1,158.67
rate_900_scapy_mit_on_20260516_192357,900,50.0,9.8,183.33
rate_900_scapy_mit_on_20260516_192357,900,50.5,10.7,183.33
rate_900_scapy_mit_on_20260516_192357,900,51.0,8.04,209.67
rate_900_scapy_mit_on_20260516_192357,900,51.5,9.24,209.67
rate_900_scapy_mit_on_20260516_192357,900,52.0,9.86,187.33
rate_900_scapy_mit_on_20260516_192357,900,52.5,11.9,187.33
rate_900_scapy_mit_on_20260516_192357,900,53.0,8.23,165.0
rate_900_scapy_mit_on_20260516_192357,900,53.5,9.46,165.0
rate_900_scapy_mit_on_20260516_192357,900,54.0,13.2,146.0
rate_900_scapy_mit_on_20260516_192357,900,54.5,14.7,146.0
rate_900_scapy_mit_on_20260516_192357,900,55.0,10.3,140.67
rate_900_scapy_mit_on_20260516_192357,900,55.5,11.3,140.67
rate_900_scapy_mit_on_20260516_192357,900,56.0,11.4,140.0
rate_900_scapy_mit_on_20260516_192357,900,56.5,12.0,140.0
rate_900_scapy_mit_on_20260516_192357,900,57.0,11.0,149.33
rate_900_scapy_mit_on_20260516_192357,900,57.5,8.74,149.33
rate_900_scapy_mit_on_20260516_192357,900,58.0,10.2,195.0
rate_900_scapy_mit_on_20260516_192357,900,58.5,10.7,195.0
rate_900_scapy_mit_on_20260516_192357,900,59.0,8.89,227.67
rate_900_scapy_mit_on_20260516_192357,900,59.5,9.51,227.67
rate_900_scapy_mit_on_20260516_192357,900,60.0,13.1,241.67
rate_900_scapy_mit_on_20260516_192357,900,60.5,10.1,241.67
rate_900_scapy_mit_on_20260516_192357,900,61.0,8.7,223.67
rate_900_scapy_mit_on_20260516_192357,900,61.5,10.9,223.67
rate_900_scapy_mit_on_20260516_192357,900,62.0,7.58,172.0
rate_900_scapy_mit_on_20260516_192357,900,62.5,12.1,172.0
rate_900_scapy_mit_on_20260516_192357,900,63.0,8.46,138.67
rate_900_scapy_mit_on_20260516_192357,900,63.5,11.5,138.67
rate_900_scapy_mit_on_20260516_192357,900,64.0,13.8,71.33
rate_900_scapy_mit_on_20260516_192357,900,64.5,9.1,71.33
rate_900_scapy_mit_on_20260516_192357,900,65.0,9.72,33.0
rate_900_scapy_mit_on_20260516_192357,900,65.5,9.45,33.0
rate_900_scapy_mit_on_20260516_192357,900,66.0,10.2,3.0
rate_900_scapy_mit_on_20260516_192357,900,66.5,12.0,3.0
rate_900_scapy_mit_on_20260516_192357,900,67.0,11.5,0.0
rate_900_scapy_mit_on_20260516_192357,900,67.5,9.31,0.0
rate_900_scapy_mit_on_20260516_192357,900,68.0,12.1,0.0
rate_900_scapy_mit_on_20260516_192357,900,68.5,13.1,0.0
rate_900_scapy_mit_on_20260516_192357,900,69.0,13.0,0.0
rate_900_scapy_mit_on_20260516_192357,900,69.5,12.0,0.0
rate_900_scapy_mit_on_20260516_192357,900,70.0,12.1,0.0
rate_900_scapy_mit_on_20260516_192357,900,70.5,9.59,0.0
rate_900_scapy_mit_on_20260516_192357,900,71.0,12.0,0.0
rate_900_scapy_mit_on_20260516_192357,900,71.5,8.23,0.0
rate_900_scapy_mit_on_20260516_192357,900,72.0,5.76,0.0
rate_900_scapy_mit_on_20260516_192357,900,72.5,9.29,0.0
rate_900_scapy_mit_on_20260516_192357,900,73.0,11.7,0.0
rate_900_scapy_mit_on_20260516_192357,900,73.5,8.56,0.0
rate_900_scapy_mit_on_20260516_192357,900,74.0,8.44,0.0
rate_900_scapy_mit_on_20260516_192357,900,74.5,13.0,0.0
rate_900_scapy_mit_on_20260516_192357,900,75.0,13.1,0.0
rate_900_scapy_mit_on_20260516_192357,900,75.5,9.05,0.0
rate_900_scapy_mit_on_20260516_192357,900,76.0,9.24,0.0
rate_900_scapy_mit_on_20260516_192357,900,76.5,5.53,0.0
rate_900_scapy_mit_on_20260516_192357,900,77.0,9.59,0.0
rate_900_scapy_mit_on_20260516_192357,900,77.5,11.5,0.0
rate_900_scapy_mit_on_20260516_192357,900,78.0,10.1,0.0
rate_900_scapy_mit_on_20260516_192357,900,78.5,10.5,0.0
rate_900_scapy_mit_on_20260516_192357,900,79.0,8.62,0.0
rate_900_scapy_mit_on_20260516_192357,900,79.5,9.23,0.0
rate_900_scapy_mit_on_20260516_192357,900,80.0,9.76,0.0
rate_900_scapy_mit_on_20260516_192357,900,80.5,11.7,0.0
rate_900_scapy_mit_on_20260516_192357,900,81.0,10.1,0.0
rate_900_scapy_mit_on_20260516_192357,900,81.5,10.7,0.0
rate_900_scapy_mit_on_20260516_192357,900,82.0,10.4,0.0
rate_900_scapy_mit_on_20260516_192357,900,82.5,14.0,0.0
rate_900_scapy_mit_on_20260516_192357,900,83.0,9.35,0.0
rate_900_scapy_mit_on_20260516_192357,900,83.5,10.3,0.0
rate_900_scapy_mit_on_20260516_192357,900,84.0,6.62,0.0
rate_900_scapy_mit_on_20260516_192357,900,84.5,10.9,0.0
rate_900_scapy_mit_on_20260516_192357,900,85.0,9.06,0.0
rate_900_scapy_mit_on_20260516_192357,900,85.5,8.2,0.0
rate_900_scapy_mit_on_20260516_192357,900,86.0,9.24,0.0
rate_900_scapy_mit_on_20260516_192357,900,86.5,13.2,0.0
rate_900_scapy_mit_on_20260516_192357,900,87.0,7.99,0.0
rate_900_scapy_mit_on_20260516_192357,900,87.5,10.3,0.0
rate_900_scapy_mit_on_20260516_192357,900,88.0,9.45,0.0
rate_900_scapy_mit_on_20260516_192357,900,88.5,7.22,0.0
rate_900_scapy_mit_on_20260516_192357,900,89.0,7.75,0.0
rate_900_scapy_mit_on_20260516_192357,900,89.5,10.0,0.0
rate_1200_scapy_mit_on_20260516_192535,1200,5.0,6.68,0.0
rate_1200_scapy_mit_on_20260516_192535,1200,5.5,6.89,0.0
rate_1200_scapy_mit_on_20260516_192535,1200,6.0,7.75,0.0
rate_1200_scapy_mit_on_20260516_192535,1200,6.5,7.8,0.0
rate_1200_scapy_mit_on_20260516_192535,1200,7.0,7.77,0.0
rate_1200_scapy_mit_on_20260516_192535,1200,7.5,7.82,0.0
rate_1200_scapy_mit_on_20260516_192535,1200,8.0,10.0,0.0
rate_1200_scapy_mit_on_20260516_192535,1200,8.5,11.0,0.0
rate_1200_scapy_mit_on_20260516_192535,1200,9.0,11.6,0.0
rate_1200_scapy_mit_on_20260516_192535,1200,9.5,11.7,0.0
rate_1200_scapy_mit_on_20260516_192535,1200,10.0,11.6,0.0
rate_1200_scapy_mit_on_20260516_192535,1200,10.5,6.27,0.0
rate_1200_scapy_mit_on_20260516_192535,1200,11.0,6.76,0.0
rate_1200_scapy_mit_on_20260516_192535,1200,11.5,6.85,0.0
rate_1200_scapy_mit_on_20260516_192535,1200,12.0,6.62,0.0
rate_1200_scapy_mit_on_20260516_192535,1200,12.5,6.81,0.0
rate_1200_scapy_mit_on_20260516_192535,1200,13.0,6.83,0.0
rate_1200_scapy_mit_on_20260516_192535,1200,13.5,7.7,0.0
rate_1200_scapy_mit_on_20260516_192535,1200,14.0,7.88,0.0
rate_1200_scapy_mit_on_20260516_192535,1200,14.5,9.08,0.0
rate_1200_scapy_mit_on_20260516_192535,1200,15.0,9.76,0.0
rate_1200_scapy_mit_on_20260516_192535,1200,15.5,10.1,0.0
rate_1200_scapy_mit_on_20260516_192535,1200,16.0,10.7,0.0
rate_1200_scapy_mit_on_20260516_192535,1200,16.5,10.7,0.0
rate_1200_scapy_mit_on_20260516_192535,1200,17.0,10.8,0.0
rate_1200_scapy_mit_on_20260516_192535,1200,17.5,13.0,0.0
rate_1200_scapy_mit_on_20260516_192535,1200,18.0,10.8,4.67
rate_1200_scapy_mit_on_20260516_192535,1200,18.5,11.0,4.67
rate_1200_scapy_mit_on_20260516_192535,1200,19.0,11.7,180.0
rate_1200_scapy_mit_on_20260516_192535,1200,19.5,11.6,180.0
rate_1200_scapy_mit_on_20260516_192535,1200,20.0,11.9,244.33
rate_1200_scapy_mit_on_20260516_192535,1200,20.5,11.5,244.33
rate_1200_scapy_mit_on_20260516_192535,1200,21.0,12.0,294.67
rate_1200_scapy_mit_on_20260516_192535,1200,21.5,12.7,294.67
rate_1200_scapy_mit_on_20260516_192535,1200,22.0,12.8,294.67
rate_1200_scapy_mit_on_20260516_192535,1200,22.5,12.8,248.0
rate_1200_scapy_mit_on_20260516_192535,1200,23.0,12.8,248.0
rate_1200_scapy_mit_on_20260516_192535,1200,23.5,13.0,292.0
rate_1200_scapy_mit_on_20260516_192535,1200,24.0,13.7,292.0
rate_1200_scapy_mit_on_20260516_192535,1200,24.5,11.2,308.0
rate_1200_scapy_mit_on_20260516_192535,1200,25.0,11.6,308.0
rate_1200_scapy_mit_on_20260516_192535,1200,25.5,11.8,248.0
rate_1200_scapy_mit_on_20260516_192535,1200,26.0,8.87,248.0
rate_1200_scapy_mit_on_20260516_192535,1200,26.5,12.1,212.0
rate_1200_scapy_mit_on_20260516_192535,1200,27.0,12.7,212.0
rate_1200_scapy_mit_on_20260516_192535,1200,27.5,12.7,204.0
rate_1200_scapy_mit_on_20260516_192535,1200,28.0,12.8,204.0
rate_1200_scapy_mit_on_20260516_192535,1200,28.5,10.6,202.67
rate_1200_scapy_mit_on_20260516_192535,1200,29.0,10.7,202.67
rate_1200_scapy_mit_on_20260516_192535,1200,29.5,10.9,170.33
rate_1200_scapy_mit_on_20260516_192535,1200,30.0,11.5,170.33
rate_1200_scapy_mit_on_20260516_192535,1200,30.5,11.5,113.0
rate_1200_scapy_mit_on_20260516_192535,1200,31.0,11.5,113.0
rate_1200_scapy_mit_on_20260516_192535,1200,31.5,11.8,112.0
rate_1200_scapy_mit_on_20260516_192535,1200,32.0,12.1,112.0
rate_1200_scapy_mit_on_20260516_192535,1200,32.5,12.7,142.0
rate_1200_scapy_mit_on_20260516_192535,1200,33.0,12.8,142.0
rate_1200_scapy_mit_on_20260516_192535,1200,33.5,12.8,172.0
rate_1200_scapy_mit_on_20260516_192535,1200,34.0,12.9,172.0
rate_1200_scapy_mit_on_20260516_192535,1200,34.5,13.7,228.0
rate_1200_scapy_mit_on_20260516_192535,1200,35.0,13.6,228.0
rate_1200_scapy_mit_on_20260516_192535,1200,35.5,13.8,216.0
rate_1200_scapy_mit_on_20260516_192535,1200,36.0,14.1,216.0
rate_1200_scapy_mit_on_20260516_192535,1200,36.5,9.4,223.0
rate_1200_scapy_mit_on_20260516_192535,1200,37.0,9.87,223.0
rate_1200_scapy_mit_on_20260516_192535,1200,37.5,9.87,221.33
rate_1200_scapy_mit_on_20260516_192535,1200,38.0,10.0,221.33
rate_1200_scapy_mit_on_20260516_192535,1200,38.5,10.7,265.33
rate_1200_scapy_mit_on_20260516_192535,1200,39.0,12.1,265.33
rate_1200_scapy_mit_on_20260516_192535,1200,39.5,12.0,240.0
rate_1200_scapy_mit_on_20260516_192535,1200,40.0,14.1,240.0
rate_1200_scapy_mit_on_20260516_192535,1200,40.5,12.5,184.0
rate_1200_scapy_mit_on_20260516_192535,1200,41.0,14.0,184.0
rate_1200_scapy_mit_on_20260516_192535,1200,41.5,13.9,144.0
rate_1200_scapy_mit_on_20260516_192535,1200,42.0,12.6,144.0
rate_1200_scapy_mit_on_20260516_192535,1200,42.5,13.1,141.67
rate_1200_scapy_mit_on_20260516_192535,1200,43.0,15.5,141.67
rate_1200_scapy_mit_on_20260516_192535,1200,43.5,14.5,164.67
rate_1200_scapy_mit_on_20260516_192535,1200,44.0,13.9,164.67
rate_1200_scapy_mit_on_20260516_192535,1200,44.5,13.4,164.67
rate_1200_scapy_mit_on_20260516_192535,1200,45.0,13.9,147.0
rate_1200_scapy_mit_on_20260516_192535,1200,45.5,10.9,147.0
rate_1200_scapy_mit_on_20260516_192535,1200,46.0,11.7,136.0
rate_1200_scapy_mit_on_20260516_192535,1200,46.5,15.4,136.0
rate_1200_scapy_mit_on_20260516_192535,1200,47.0,15.8,109.0
rate_1200_scapy_mit_on_20260516_192535,1200,47.5,12.0,109.0
rate_1200_scapy_mit_on_20260516_192535,1200,48.0,12.2,111.67
rate_1200_scapy_mit_on_20260516_192535,1200,48.5,9.97,111.67
rate_1200_scapy_mit_on_20260516_192535,1200,49.0,11.8,114.0
rate_1200_scapy_mit_on_20260516_192535,1200,49.5,12.7,114.0
rate_1200_scapy_mit_on_20260516_192535,1200,50.0,12.6,114.0
rate_1200_scapy_mit_on_20260516_192535,1200,50.5,14.0,114.0
rate_1200_scapy_mit_on_20260516_192535,1200,51.0,9.88,112.0
rate_1200_scapy_mit_on_20260516_192535,1200,51.5,13.4,112.0
rate_1200_scapy_mit_on_20260516_192535,1200,52.0,11.7,144.0
rate_1200_scapy_mit_on_20260516_192535,1200,52.5,10.1,144.0
rate_1200_scapy_mit_on_20260516_192535,1200,53.0,8.05,172.0
rate_1200_scapy_mit_on_20260516_192535,1200,53.5,10.9,172.0
rate_1200_scapy_mit_on_20260516_192535,1200,54.0,12.5,203.33
rate_1200_scapy_mit_on_20260516_192535,1200,54.5,13.7,203.33
rate_1200_scapy_mit_on_20260516_192535,1200,55.0,14.1,223.67
rate_1200_scapy_mit_on_20260516_192535,1200,55.5,11.9,223.67
rate_1200_scapy_mit_on_20260516_192535,1200,56.0,13.4,220.0
rate_1200_scapy_mit_on_20260516_192535,1200,56.5,11.7,220.0
rate_1200_scapy_mit_on_20260516_192535,1200,57.0,12.5,190.33
rate_1200_scapy_mit_on_20260516_192535,1200,57.5,9.75,190.33
rate_1200_scapy_mit_on_20260516_192535,1200,58.0,11.7,167.0
rate_1200_scapy_mit_on_20260516_192535,1200,58.5,13.7,167.0
rate_1200_scapy_mit_on_20260516_192535,1200,59.0,10.2,206.0
rate_1200_scapy_mit_on_20260516_192535,1200,59.5,10.7,206.0
rate_1200_scapy_mit_on_20260516_192535,1200,60.0,10.8,240.67
rate_1200_scapy_mit_on_20260516_192535,1200,60.5,13.5,240.67
rate_1200_scapy_mit_on_20260516_192535,1200,61.0,10.5,209.0
rate_1200_scapy_mit_on_20260516_192535,1200,61.5,10.2,209.0
rate_1200_scapy_mit_on_20260516_192535,1200,62.0,9.86,154.0
rate_1200_scapy_mit_on_20260516_192535,1200,62.5,11.5,154.0
rate_1200_scapy_mit_on_20260516_192535,1200,63.0,8.41,112.0
rate_1200_scapy_mit_on_20260516_192535,1200,63.5,10.5,112.0
rate_1200_scapy_mit_on_20260516_192535,1200,64.0,12.3,76.0
rate_1200_scapy_mit_on_20260516_192535,1200,64.5,11.0,76.0
rate_1200_scapy_mit_on_20260516_192535,1200,65.0,11.4,38.33
rate_1200_scapy_mit_on_20260516_192535,1200,65.5,11.0,38.33
rate_1200_scapy_mit_on_20260516_192535,1200,66.0,13.9,0.0
rate_1200_scapy_mit_on_20260516_192535,1200,66.5,9.77,0.0
rate_1200_scapy_mit_on_20260516_192535,1200,67.0,10.4,0.0
rate_1200_scapy_mit_on_20260516_192535,1200,67.5,8.06,0.0
rate_1200_scapy_mit_on_20260516_192535,1200,68.0,9.06,0.0
rate_1200_scapy_mit_on_20260516_192535,1200,68.5,10.6,0.0
rate_1200_scapy_mit_on_20260516_192535,1200,69.0,11.5,0.0
rate_1200_scapy_mit_on_20260516_192535,1200,69.5,13.7,0.0
rate_1200_scapy_mit_on_20260516_192535,1200,70.0,12.0,0.0
rate_1200_scapy_mit_on_20260516_192535,1200,70.5,10.0,0.0
rate_1200_scapy_mit_on_20260516_192535,1200,71.0,8.9,0.0
rate_1200_scapy_mit_on_20260516_192535,1200,71.5,11.1,0.0
rate_1200_scapy_mit_on_20260516_192535,1200,72.0,13.2,0.0
rate_1200_scapy_mit_on_20260516_192535,1200,72.5,14.1,0.0
rate_1200_scapy_mit_on_20260516_192535,1200,73.0,10.8,0.0
rate_1200_scapy_mit_on_20260516_192535,1200,73.5,14.5,0.0
rate_1200_scapy_mit_on_20260516_192535,1200,74.0,11.2,0.0
rate_1200_scapy_mit_on_20260516_192535,1200,74.5,12.4,0.0
rate_1200_scapy_mit_on_20260516_192535,1200,75.0,13.2,0.0
rate_1200_scapy_mit_on_20260516_192535,1200,75.5,11.0,0.0
rate_1200_scapy_mit_on_20260516_192535,1200,76.0,10.5,0.0
rate_1200_scapy_mit_on_20260516_192535,1200,76.5,10.4,0.0
rate_1200_scapy_mit_on_20260516_192535,1200,77.0,13.9,0.0
rate_1200_scapy_mit_on_20260516_192535,1200,77.5,12.5,0.0
rate_1200_scapy_mit_on_20260516_192535,1200,78.0,14.1,0.0
rate_1200_scapy_mit_on_20260516_192535,1200,78.5,11.3,0.0
rate_1200_scapy_mit_on_20260516_192535,1200,79.0,12.8,0.0
rate_1200_scapy_mit_on_20260516_192535,1200,79.5,12.5,0.0
rate_1200_scapy_mit_on_20260516_192535,1200,80.0,12.0,0.0
rate_1200_scapy_mit_on_20260516_192535,1200,80.5,13.7,0.0
rate_1200_scapy_mit_on_20260516_192535,1200,81.0,15.9,0.0
rate_1200_scapy_mit_on_20260516_192535,1200,81.5,11.3,0.0
rate_1200_scapy_mit_on_20260516_192535,1200,82.0,12.7,0.0
rate_1200_scapy_mit_on_20260516_192535,1200,82.5,11.7,0.0
rate_1200_scapy_mit_on_20260516_192535,1200,83.0,13.5,0.0
rate_1200_scapy_mit_on_20260516_192535,1200,83.5,15.5,0.0
rate_1200_scapy_mit_on_20260516_192535,1200,84.0,13.4,0.0
rate_1200_scapy_mit_on_20260516_192535,1200,84.5,13.7,0.0
rate_1200_scapy_mit_on_20260516_192535,1200,85.0,14.8,0.0
rate_1200_scapy_mit_on_20260516_192535,1200,85.5,13.4,0.0
rate_1200_scapy_mit_on_20260516_192535,1200,86.0,13.4,0.0
rate_1200_scapy_mit_on_20260516_192535,1200,86.5,12.1,0.0
rate_1200_scapy_mit_on_20260516_192535,1200,87.0,11.8,0.0
rate_1200_scapy_mit_on_20260516_192535,1200,87.5,12.4,0.0
rate_1200_scapy_mit_on_20260516_192535,1200,88.0,14.1,0.0
rate_1200_scapy_mit_on_20260516_192535,1200,88.5,12.6,0.0
rate_1200_scapy_mit_on_20260516_192535,1200,89.0,11.4,0.0
rate_1200_scapy_mit_on_20260516_192535,1200,89.5,13.6,0.0
rate_1500_scapy_mit_on_20260516_192713,1500,5.0,7.14,0.0
rate_1500_scapy_mit_on_20260516_192713,1500,5.5,7.67,0.0
rate_1500_scapy_mit_on_20260516_192713,1500,6.0,8.6,0.0
rate_1500_scapy_mit_on_20260516_192713,1500,6.5,8.69,0.0
rate_1500_scapy_mit_on_20260516_192713,1500,7.0,8.73,0.0
rate_1500_scapy_mit_on_20260516_192713,1500,7.5,5.97,0.0
rate_1500_scapy_mit_on_20260516_192713,1500,8.0,9.58,0.0
rate_1500_scapy_mit_on_20260516_192713,1500,8.5,6.88,0.0
rate_1500_scapy_mit_on_20260516_192713,1500,9.0,7.39,0.0
rate_1500_scapy_mit_on_20260516_192713,1500,9.5,11.2,0.0
rate_1500_scapy_mit_on_20260516_192713,1500,10.0,6.24,0.0
rate_1500_scapy_mit_on_20260516_192713,1500,10.5,9.16,0.0
rate_1500_scapy_mit_on_20260516_192713,1500,11.0,7.87,0.0
rate_1500_scapy_mit_on_20260516_192713,1500,11.5,10.4,0.0
rate_1500_scapy_mit_on_20260516_192713,1500,12.0,7.92,0.0
rate_1500_scapy_mit_on_20260516_192713,1500,12.5,9.5,0.0
rate_1500_scapy_mit_on_20260516_192713,1500,13.0,6.96,0.0
rate_1500_scapy_mit_on_20260516_192713,1500,13.5,10.6,0.0
rate_1500_scapy_mit_on_20260516_192713,1500,14.0,10.5,0.0
rate_1500_scapy_mit_on_20260516_192713,1500,14.5,7.78,0.0
rate_1500_scapy_mit_on_20260516_192713,1500,15.0,6.13,0.0
rate_1500_scapy_mit_on_20260516_192713,1500,15.5,6.54,0.0
rate_1500_scapy_mit_on_20260516_192713,1500,16.0,6.46,0.0
rate_1500_scapy_mit_on_20260516_192713,1500,16.5,6.97,0.0
rate_1500_scapy_mit_on_20260516_192713,1500,17.0,7.69,0.0
rate_1500_scapy_mit_on_20260516_192713,1500,17.5,7.45,0.0
rate_1500_scapy_mit_on_20260516_192713,1500,18.0,7.39,0.0
rate_1500_scapy_mit_on_20260516_192713,1500,18.5,11.6,0.0
rate_1500_scapy_mit_on_20260516_192713,1500,19.0,10.5,0.0
rate_1500_scapy_mit_on_20260516_192713,1500,19.5,11.3,0.0
rate_1500_scapy_mit_on_20260516_192713,1500,20.0,11.7,150.0
rate_1500_scapy_mit_on_20260516_192713,1500,20.5,11.7,150.0
rate_1500_scapy_mit_on_20260516_192713,1500,21.0,11.7,203.0
rate_1500_scapy_mit_on_20260516_192713,1500,21.5,11.7,203.0
rate_1500_scapy_mit_on_20260516_192713,1500,22.0,12.3,239.33
rate_1500_scapy_mit_on_20260516_192713,1500,22.5,12.6,239.33
rate_1500_scapy_mit_on_20260516_192713,1500,23.0,12.8,239.33
rate_1500_scapy_mit_on_20260516_192713,1500,23.5,13.1,145.0
rate_1500_scapy_mit_on_20260516_192713,1500,24.0,13.4,145.0
rate_1500_scapy_mit_on_20260516_192713,1500,24.5,13.3,144.33
rate_1500_scapy_mit_on_20260516_192713,1500,25.0,14.2,144.33
rate_1500_scapy_mit_on_20260516_192713,1500,25.5,14.8,148.67
rate_1500_scapy_mit_on_20260516_192713,1500,26.0,13.4,148.67
rate_1500_scapy_mit_on_20260516_192713,1500,26.5,13.7,210.0
rate_1500_scapy_mit_on_20260516_192713,1500,27.0,13.8,210.0
rate_1500_scapy_mit_on_20260516_192713,1500,27.5,11.9,225.33
rate_1500_scapy_mit_on_20260516_192713,1500,28.0,12.7,225.33
rate_1500_scapy_mit_on_20260516_192713,1500,28.5,13.8,210.67
rate_1500_scapy_mit_on_20260516_192713,1500,29.0,11.8,210.67
rate_1500_scapy_mit_on_20260516_192713,1500,29.5,12.8,146.33
rate_1500_scapy_mit_on_20260516_192713,1500,30.0,13.5,146.33
rate_1500_scapy_mit_on_20260516_192713,1500,30.5,13.2,122.67
rate_1500_scapy_mit_on_20260516_192713,1500,31.0,13.6,122.67
rate_1500_scapy_mit_on_20260516_192713,1500,31.5,14.8,125.33
rate_1500_scapy_mit_on_20260516_192713,1500,32.0,13.0,125.33
rate_1500_scapy_mit_on_20260516_192713,1500,32.5,14.8,120.0
rate_1500_scapy_mit_on_20260516_192713,1500,33.0,13.5,120.0
rate_1500_scapy_mit_on_20260516_192713,1500,33.5,13.1,120.0
rate_1500_scapy_mit_on_20260516_192713,1500,34.0,13.7,120.0
rate_1500_scapy_mit_on_20260516_192713,1500,34.5,14.7,115.0
rate_1500_scapy_mit_on_20260516_192713,1500,35.0,13.0,115.0
rate_1500_scapy_mit_on_20260516_192713,1500,35.5,12.7,117.67
rate_1500_scapy_mit_on_20260516_192713,1500,36.0,12.7,117.67
rate_1500_scapy_mit_on_20260516_192713,1500,36.5,14.5,110.67
rate_1500_scapy_mit_on_20260516_192713,1500,37.0,13.2,110.67
rate_1500_scapy_mit_on_20260516_192713,1500,37.5,14.9,113.67
rate_1500_scapy_mit_on_20260516_192713,1500,38.0,12.0,113.67
rate_1500_scapy_mit_on_20260516_192713,1500,38.5,14.0,115.33
rate_1500_scapy_mit_on_20260516_192713,1500,39.0,13.3,115.33
rate_1500_scapy_mit_on_20260516_192713,1500,39.5,11.1,145.0
rate_1500_scapy_mit_on_20260516_192713,1500,40.0,15.7,145.0
rate_1500_scapy_mit_on_20260516_192713,1500,40.5,12.3,151.0
rate_1500_scapy_mit_on_20260516_192713,1500,41.0,12.4,151.0
rate_1500_scapy_mit_on_20260516_192713,1500,41.5,15.7,155.0
rate_1500_scapy_mit_on_20260516_192713,1500,42.0,11.6,155.0
rate_1500_scapy_mit_on_20260516_192713,1500,42.5,13.9,155.0
rate_1500_scapy_mit_on_20260516_192713,1500,43.0,8.65,155.0
rate_1500_scapy_mit_on_20260516_192713,1500,43.5,12.1,150.33
rate_1500_scapy_mit_on_20260516_192713,1500,44.0,7.23,150.33
rate_1500_scapy_mit_on_20260516_192713,1500,44.5,9.59,155.0
rate_1500_scapy_mit_on_20260516_192713,1500,45.0,12.8,155.0
rate_1500_scapy_mit_on_20260516_192713,1500,45.5,9.09,158.67
rate_1500_scapy_mit_on_20260516_192713,1500,46.0,11.9,158.67
rate_1500_scapy_mit_on_20260516_192713,1500,46.5,10.8,158.67
rate_1500_scapy_mit_on_20260516_192713,1500,47.0,12.2,218.67
rate_1500_scapy_mit_on_20260516_192713,1500,47.5,12.9,218.67
rate_1500_scapy_mit_on_20260516_192713,1500,48.0,10.2,213.33
rate_1500_scapy_mit_on_20260516_192713,1500,48.5,9.22,213.33
rate_1500_scapy_mit_on_20260516_192713,1500,49.0,7.4,175.0
rate_1500_scapy_mit_on_20260516_192713,1500,49.5,9.44,175.0
rate_1500_scapy_mit_on_20260516_192713,1500,50.0,12.4,111.67
rate_1500_scapy_mit_on_20260516_192713,1500,50.5,11.0,111.67
rate_1500_scapy_mit_on_20260516_192713,1500,51.0,13.5,120.0
rate_1500_scapy_mit_on_20260516_192713,1500,51.5,9.52,120.0
rate_1500_scapy_mit_on_20260516_192713,1500,52.0,10.2,143.33
rate_1500_scapy_mit_on_20260516_192713,1500,52.5,12.5,143.33
rate_1500_scapy_mit_on_20260516_192713,1500,53.0,9.82,145.33
rate_1500_scapy_mit_on_20260516_192713,1500,53.5,11.4,145.33
rate_1500_scapy_mit_on_20260516_192713,1500,54.0,9.39,138.0
rate_1500_scapy_mit_on_20260516_192713,1500,54.5,11.3,138.0
rate_1500_scapy_mit_on_20260516_192713,1500,55.0,11.5,120.33
rate_1500_scapy_mit_on_20260516_192713,1500,55.5,9.04,120.33
rate_1500_scapy_mit_on_20260516_192713,1500,56.0,12.8,115.33
rate_1500_scapy_mit_on_20260516_192713,1500,56.5,13.3,115.33
rate_1500_scapy_mit_on_20260516_192713,1500,57.0,9.8,130.0
rate_1500_scapy_mit_on_20260516_192713,1500,57.5,12.8,130.0
rate_1500_scapy_mit_on_20260516_192713,1500,58.0,11.7,200.0
rate_1500_scapy_mit_on_20260516_192713,1500,58.5,11.8,200.0
rate_1500_scapy_mit_on_20260516_192713,1500,59.0,9.91,262.67
rate_1500_scapy_mit_on_20260516_192713,1500,59.5,8.98,262.67
rate_1500_scapy_mit_on_20260516_192713,1500,60.0,9.38,252.33
rate_1500_scapy_mit_on_20260516_192713,1500,60.5,11.2,252.33
rate_1500_scapy_mit_on_20260516_192713,1500,61.0,12.5,185.0
rate_1500_scapy_mit_on_20260516_192713,1500,61.5,13.9,185.0
rate_1500_scapy_mit_on_20260516_192713,1500,62.0,10.2,122.0
rate_1500_scapy_mit_on_20260516_192713,1500,62.5,11.9,122.0
rate_1500_scapy_mit_on_20260516_192713,1500,63.0,12.4,110.0
rate_1500_scapy_mit_on_20260516_192713,1500,63.5,10.7,110.0
rate_1500_scapy_mit_on_20260516_192713,1500,64.0,11.2,92.33
rate_1500_scapy_mit_on_20260516_192713,1500,64.5,13.2,92.33
rate_1500_scapy_mit_on_20260516_192713,1500,65.0,12.0,50.0
rate_1500_scapy_mit_on_20260516_192713,1500,65.5,9.16,50.0
rate_1500_scapy_mit_on_20260516_192713,1500,66.0,11.7,20.0
rate_1500_scapy_mit_on_20260516_192713,1500,66.5,13.4,20.0
rate_1500_scapy_mit_on_20260516_192713,1500,67.0,13.7,0.0
rate_1500_scapy_mit_on_20260516_192713,1500,67.5,11.1,0.0
rate_1500_scapy_mit_on_20260516_192713,1500,68.0,12.6,0.0
rate_1500_scapy_mit_on_20260516_192713,1500,68.5,11.3,0.0
rate_1500_scapy_mit_on_20260516_192713,1500,69.0,13.7,0.0
rate_1500_scapy_mit_on_20260516_192713,1500,69.5,10.9,0.0
rate_1500_scapy_mit_on_20260516_192713,1500,70.0,11.8,0.0
rate_1500_scapy_mit_on_20260516_192713,1500,70.5,13.6,0.0
rate_1500_scapy_mit_on_20260516_192713,1500,71.0,11.6,0.0
rate_1500_scapy_mit_on_20260516_192713,1500,71.5,9.46,0.0
rate_1500_scapy_mit_on_20260516_192713,1500,72.0,14.4,0.0
rate_1500_scapy_mit_on_20260516_192713,1500,72.5,6.53,0.0
rate_1500_scapy_mit_on_20260516_192713,1500,73.0,9.75,0.0
rate_1500_scapy_mit_on_20260516_192713,1500,73.5,9.26,0.0
rate_1500_scapy_mit_on_20260516_192713,1500,74.0,10.7,0.0
rate_1500_scapy_mit_on_20260516_192713,1500,74.5,8.19,0.0
rate_1500_scapy_mit_on_20260516_192713,1500,75.0,7.77,0.0
rate_1500_scapy_mit_on_20260516_192713,1500,75.5,10.3,0.0
rate_1500_scapy_mit_on_20260516_192713,1500,76.0,10.7,0.0
rate_1500_scapy_mit_on_20260516_192713,1500,76.5,3.71,0.0
rate_1500_scapy_mit_on_20260516_192713,1500,77.0,10.2,0.0
rate_1500_scapy_mit_on_20260516_192713,1500,77.5,12.5,0.0
rate_1500_scapy_mit_on_20260516_192713,1500,78.0,7.4,0.0
rate_1500_scapy_mit_on_20260516_192713,1500,78.5,10.3,0.0
rate_1500_scapy_mit_on_20260516_192713,1500,79.0,8.91,0.0
rate_1500_scapy_mit_on_20260516_192713,1500,79.5,10.0,0.0
rate_1500_scapy_mit_on_20260516_192713,1500,80.0,10.7,0.0
rate_1500_scapy_mit_on_20260516_192713,1500,80.5,10.3,0.0
rate_1500_scapy_mit_on_20260516_192713,1500,81.0,10.7,0.0
rate_1500_scapy_mit_on_20260516_192713,1500,81.5,7.94,0.0
rate_1500_scapy_mit_on_20260516_192713,1500,82.0,15.7,0.0
rate_1500_scapy_mit_on_20260516_192713,1500,82.5,8.13,0.0
rate_1500_scapy_mit_on_20260516_192713,1500,83.0,9.11,0.0
rate_1500_scapy_mit_on_20260516_192713,1500,83.5,6.89,0.0
rate_1500_scapy_mit_on_20260516_192713,1500,84.0,7.88,0.0
rate_1500_scapy_mit_on_20260516_192713,1500,84.5,8.64,0.0
rate_1500_scapy_mit_on_20260516_192713,1500,85.0,9.26,0.0
rate_1500_scapy_mit_on_20260516_192713,1500,85.5,9.64,0.0
rate_1500_scapy_mit_on_20260516_192713,1500,86.0,7.21,0.0
rate_1500_scapy_mit_on_20260516_192713,1500,86.5,9.96,0.0
rate_1500_scapy_mit_on_20260516_192713,1500,87.0,4.76,0.0
rate_1500_scapy_mit_on_20260516_192713,1500,87.5,7.1,0.0
rate_1500_scapy_mit_on_20260516_192713,1500,88.0,8.78,0.0
rate_1500_scapy_mit_on_20260516_192713,1500,88.5,6.48,0.0
rate_1500_scapy_mit_on_20260516_192713,1500,89.0,12.8,0.0
rate_1500_scapy_mit_on_20260516_192713,1500,89.5,9.31,0.0
rate_3000_scapy_mit_on_20260516_192851,3000,5.0,4.88,0.0
rate_3000_scapy_mit_on_20260516_192851,3000,5.5,5.66,0.0
rate_3000_scapy_mit_on_20260516_192851,3000,6.0,8.46,0.0
rate_3000_scapy_mit_on_20260516_192851,3000,6.5,3.64,0.0
rate_3000_scapy_mit_on_20260516_192851,3000,7.0,3.81,0.0
rate_3000_scapy_mit_on_20260516_192851,3000,7.5,3.7,0.0
rate_3000_scapy_mit_on_20260516_192851,3000,8.0,8.8,0.0
rate_3000_scapy_mit_on_20260516_192851,3000,8.5,8.99,0.0
rate_3000_scapy_mit_on_20260516_192851,3000,9.0,4.15,0.0
rate_3000_scapy_mit_on_20260516_192851,3000,9.5,4.47,0.0
rate_3000_scapy_mit_on_20260516_192851,3000,10.0,6.51,0.0
rate_3000_scapy_mit_on_20260516_192851,3000,10.5,8.88,0.0
rate_3000_scapy_mit_on_20260516_192851,3000,11.0,6.59,0.0
rate_3000_scapy_mit_on_20260516_192851,3000,11.5,9.34,0.0
rate_3000_scapy_mit_on_20260516_192851,3000,12.0,7.58,0.0
rate_3000_scapy_mit_on_20260516_192851,3000,12.5,7.4,0.0
rate_3000_scapy_mit_on_20260516_192851,3000,13.0,7.75,0.0
rate_3000_scapy_mit_on_20260516_192851,3000,13.5,7.81,0.0
rate_3000_scapy_mit_on_20260516_192851,3000,14.0,7.79,0.0
rate_3000_scapy_mit_on_20260516_192851,3000,14.5,9.83,0.0
rate_3000_scapy_mit_on_20260516_192851,3000,15.0,8.33,0.0
rate_3000_scapy_mit_on_20260516_192851,3000,15.5,8.64,0.0
rate_3000_scapy_mit_on_20260516_192851,3000,16.0,9.6,0.0
rate_3000_scapy_mit_on_20260516_192851,3000,16.5,9.73,0.0
rate_3000_scapy_mit_on_20260516_192851,3000,17.0,9.97,0.0
rate_3000_scapy_mit_on_20260516_192851,3000,17.5,9.38,0.0
rate_3000_scapy_mit_on_20260516_192851,3000,18.0,13.0,0.0
rate_3000_scapy_mit_on_20260516_192851,3000,18.5,14.2,0.0
rate_3000_scapy_mit_on_20260516_192851,3000,19.0,14.6,297.67
rate_3000_scapy_mit_on_20260516_192851,3000,19.5,14.5,297.67
rate_3000_scapy_mit_on_20260516_192851,3000,20.0,15.0,366.0
rate_3000_scapy_mit_on_20260516_192851,3000,20.5,15.7,366.0
rate_3000_scapy_mit_on_20260516_192851,3000,21.0,15.8,366.0
rate_3000_scapy_mit_on_20260516_192851,3000,21.5,15.7,456.0
rate_3000_scapy_mit_on_20260516_192851,3000,22.0,15.7,456.0
rate_3000_scapy_mit_on_20260516_192851,3000,22.5,16.0,207.67
rate_3000_scapy_mit_on_20260516_192851,3000,23.0,13.1,207.67
rate_3000_scapy_mit_on_20260516_192851,3000,23.5,13.7,224.67
rate_3000_scapy_mit_on_20260516_192851,3000,24.0,13.7,224.67
rate_3000_scapy_mit_on_20260516_192851,3000,24.5,13.7,191.33
rate_3000_scapy_mit_on_20260516_192851,3000,25.0,13.6,191.33
rate_3000_scapy_mit_on_20260516_192851,3000,25.5,14.0,190.0
rate_3000_scapy_mit_on_20260516_192851,3000,26.0,12.7,190.0
rate_3000_scapy_mit_on_20260516_192851,3000,26.5,12.8,181.0
rate_3000_scapy_mit_on_20260516_192851,3000,27.0,12.8,181.0
rate_3000_scapy_mit_on_20260516_192851,3000,27.5,12.8,220.0
rate_3000_scapy_mit_on_20260516_192851,3000,28.0,12.8,220.0
rate_3000_scapy_mit_on_20260516_192851,3000,28.5,13.1,289.33
rate_3000_scapy_mit_on_20260516_192851,3000,29.0,13.7,289.33
rate_3000_scapy_mit_on_20260516_192851,3000,29.5,13.7,304.67
rate_3000_scapy_mit_on_20260516_192851,3000,30.0,13.7,304.67
rate_3000_scapy_mit_on_20260516_192851,3000,30.5,13.8,260.33
rate_3000_scapy_mit_on_20260516_192851,3000,31.0,13.6,260.33
rate_3000_scapy_mit_on_20260516_192851,3000,31.5,13.9,187.0
rate_3000_scapy_mit_on_20260516_192851,3000,32.0,13.8,187.0
rate_3000_scapy_mit_on_20260516_192851,3000,32.5,13.8,173.67
rate_3000_scapy_mit_on_20260516_192851,3000,33.0,13.9,173.67
rate_3000_scapy_mit_on_20260516_192851,3000,33.5,14.8,240.0
rate_3000_scapy_mit_on_20260516_192851,3000,34.0,14.8,240.0
rate_3000_scapy_mit_on_20260516_192851,3000,34.5,14.8,313.67
rate_3000_scapy_mit_on_20260516_192851,3000,35.0,9.94,313.67
rate_3000_scapy_mit_on_20260516_192851,3000,35.5,11.8,330.0
rate_3000_scapy_mit_on_20260516_192851,3000,36.0,12.9,330.0
rate_3000_scapy_mit_on_20260516_192851,3000,36.5,8.25,280.0
rate_3000_scapy_mit_on_20260516_192851,3000,37.0,8.67,280.0
rate_3000_scapy_mit_on_20260516_192851,3000,37.5,9.0,213.67
rate_3000_scapy_mit_on_20260516_192851,3000,38.0,9.97,213.67
rate_3000_scapy_mit_on_20260516_192851,3000,38.5,10.9,200.0
rate_3000_scapy_mit_on_20260516_192851,3000,39.0,8.0,200.0
rate_3000_scapy_mit_on_20260516_192851,3000,39.5,11.9,257.67
rate_3000_scapy_mit_on_20260516_192851,3000,40.0,10.9,257.67
rate_3000_scapy_mit_on_20260516_192851,3000,40.5,12.0,296.33
rate_3000_scapy_mit_on_20260516_192851,3000,41.0,10.7,296.33
rate_3000_scapy_mit_on_20260516_192851,3000,41.5,11.6,241.33
rate_3000_scapy_mit_on_20260516_192851,3000,42.0,13.5,241.33
rate_3000_scapy_mit_on_20260516_192851,3000,42.5,9.13,167.0
rate_3000_scapy_mit_on_20260516_192851,3000,43.0,12.8,167.0
rate_3000_scapy_mit_on_20260516_192851,3000,43.5,11.7,155.33
rate_3000_scapy_mit_on_20260516_192851,3000,44.0,9.42,155.33
rate_3000_scapy_mit_on_20260516_192851,3000,44.5,8.04,155.33
rate_3000_scapy_mit_on_20260516_192851,3000,45.0,10.5,150.0
rate_3000_scapy_mit_on_20260516_192851,3000,45.5,9.61,150.0
rate_3000_scapy_mit_on_20260516_192851,3000,46.0,9.94,150.67
rate_3000_scapy_mit_on_20260516_192851,3000,46.5,9.73,150.67
rate_3000_scapy_mit_on_20260516_192851,3000,47.0,11.6,128.67
rate_3000_scapy_mit_on_20260516_192851,3000,47.5,10.9,128.67
rate_3000_scapy_mit_on_20260516_192851,3000,48.0,10.7,126.67
rate_3000_scapy_mit_on_20260516_192851,3000,48.5,12.7,126.67
rate_3000_scapy_mit_on_20260516_192851,3000,49.0,11.8,129.67
rate_3000_scapy_mit_on_20260516_192851,3000,49.5,11.5,129.67
rate_3000_scapy_mit_on_20260516_192851,3000,50.0,11.9,130.0
rate_3000_scapy_mit_on_20260516_192851,3000,50.5,9.96,130.0
rate_3000_scapy_mit_on_20260516_192851,3000,51.0,10.8,161.33
rate_3000_scapy_mit_on_20260516_192851,3000,51.5,12.8,161.33
rate_3000_scapy_mit_on_20260516_192851,3000,52.0,11.6,230.0
rate_3000_scapy_mit_on_20260516_192851,3000,52.5,8.39,230.0
rate_3000_scapy_mit_on_20260516_192851,3000,53.0,9.19,270.0
rate_3000_scapy_mit_on_20260516_192851,3000,53.5,10.4,270.0
rate_3000_scapy_mit_on_20260516_192851,3000,54.0,10.6,238.33
rate_3000_scapy_mit_on_20260516_192851,3000,54.5,10.5,238.33
rate_3000_scapy_mit_on_20260516_192851,3000,55.0,8.39,236.0
rate_3000_scapy_mit_on_20260516_192851,3000,55.5,10.9,236.0
rate_3000_scapy_mit_on_20260516_192851,3000,56.0,10.5,210.33
rate_3000_scapy_mit_on_20260516_192851,3000,56.5,12.8,210.33
rate_3000_scapy_mit_on_20260516_192851,3000,57.0,10.9,194.33
rate_3000_scapy_mit_on_20260516_192851,3000,57.5,13.6,194.33
rate_3000_scapy_mit_on_20260516_192851,3000,58.0,13.0,133.0
rate_3000_scapy_mit_on_20260516_192851,3000,58.5,9.11,133.0
rate_3000_scapy_mit_on_20260516_192851,3000,59.0,8.62,133.67
rate_3000_scapy_mit_on_20260516_192851,3000,59.5,9.99,133.67
rate_3000_scapy_mit_on_20260516_192851,3000,60.0,7.61,157.33
rate_3000_scapy_mit_on_20260516_192851,3000,60.5,10.9,157.33
rate_3000_scapy_mit_on_20260516_192851,3000,61.0,11.0,223.0
rate_3000_scapy_mit_on_20260516_192851,3000,61.5,11.5,223.0
rate_3000_scapy_mit_on_20260516_192851,3000,62.0,12.7,292.0
rate_3000_scapy_mit_on_20260516_192851,3000,62.5,12.4,292.0
rate_3000_scapy_mit_on_20260516_192851,3000,63.0,12.9,297.0
rate_3000_scapy_mit_on_20260516_192851,3000,63.5,12.6,297.0
rate_3000_scapy_mit_on_20260516_192851,3000,64.0,8.42,184.0
rate_3000_scapy_mit_on_20260516_192851,3000,64.5,8.66,184.0
rate_3000_scapy_mit_on_20260516_192851,3000,65.0,9.68,72.67
rate_3000_scapy_mit_on_20260516_192851,3000,65.5,12.6,72.67
rate_3000_scapy_mit_on_20260516_192851,3000,66.0,12.6,0.0
rate_3000_scapy_mit_on_20260516_192851,3000,66.5,12.6,0.0
rate_3000_scapy_mit_on_20260516_192851,3000,67.0,10.3,0.0
rate_3000_scapy_mit_on_20260516_192851,3000,67.5,10.6,0.0
rate_3000_scapy_mit_on_20260516_192851,3000,68.0,13.8,0.0
rate_3000_scapy_mit_on_20260516_192851,3000,68.5,10.4,0.0
rate_3000_scapy_mit_on_20260516_192851,3000,69.0,9.64,0.0
rate_3000_scapy_mit_on_20260516_192851,3000,69.5,10.6,0.0
rate_3000_scapy_mit_on_20260516_192851,3000,70.0,9.85,0.0
rate_3000_scapy_mit_on_20260516_192851,3000,70.5,8.5,0.0
rate_3000_scapy_mit_on_20260516_192851,3000,71.0,10.4,0.0
rate_3000_scapy_mit_on_20260516_192851,3000,71.5,8.2,0.0
rate_3000_scapy_mit_on_20260516_192851,3000,72.0,9.11,0.0
rate_3000_scapy_mit_on_20260516_192851,3000,72.5,7.51,0.0
rate_3000_scapy_mit_on_20260516_192851,3000,73.0,10.5,0.0
rate_3000_scapy_mit_on_20260516_192851,3000,73.5,11.0,0.0
rate_3000_scapy_mit_on_20260516_192851,3000,74.0,8.89,0.0
rate_3000_scapy_mit_on_20260516_192851,3000,74.5,9.54,0.0
rate_3000_scapy_mit_on_20260516_192851,3000,75.0,12.8,0.0
rate_3000_scapy_mit_on_20260516_192851,3000,75.5,9.5,0.0
rate_3000_scapy_mit_on_20260516_192851,3000,76.0,4.85,0.0
rate_3000_scapy_mit_on_20260516_192851,3000,76.5,10.0,0.0
rate_3000_scapy_mit_on_20260516_192851,3000,77.0,9.8,0.0
rate_3000_scapy_mit_on_20260516_192851,3000,77.5,7.91,0.33
rate_3000_scapy_mit_on_20260516_192851,3000,78.0,7.35,0.33
rate_3000_scapy_mit_on_20260516_192851,3000,78.5,9.46,0.33
rate_3000_scapy_mit_on_20260516_192851,3000,79.0,8.01,0.33
rate_3000_scapy_mit_on_20260516_192851,3000,79.5,11.6,0.33
rate_3000_scapy_mit_on_20260516_192851,3000,80.0,9.18,0.33
rate_3000_scapy_mit_on_20260516_192851,3000,80.5,10.5,0.0
rate_3000_scapy_mit_on_20260516_192851,3000,81.0,9.98,0.0
rate_3000_scapy_mit_on_20260516_192851,3000,81.5,10.2,0.0
rate_3000_scapy_mit_on_20260516_192851,3000,82.0,10.4,0.0
rate_3000_scapy_mit_on_20260516_192851,3000,82.5,10.3,0.0
rate_3000_scapy_mit_on_20260516_192851,3000,83.0,9.73,0.0
rate_3000_scapy_mit_on_20260516_192851,3000,83.5,11.7,0.0
rate_3000_scapy_mit_on_20260516_192851,3000,84.0,11.7,0.0
rate_3000_scapy_mit_on_20260516_192851,3000,84.5,6.71,0.0
rate_3000_scapy_mit_on_20260516_192851,3000,85.0,9.73,0.0
rate_3000_scapy_mit_on_20260516_192851,3000,85.5,7.82,0.0
rate_3000_scapy_mit_on_20260516_192851,3000,86.0,7.52,0.0
rate_3000_scapy_mit_on_20260516_192851,3000,86.5,7.1,0.0
rate_3000_scapy_mit_on_20260516_192851,3000,87.0,7.61,0.0
rate_3000_scapy_mit_on_20260516_192851,3000,87.5,7.37,0.0
rate_3000_scapy_mit_on_20260516_192851,3000,88.0,11.1,0.0
rate_3000_scapy_mit_on_20260516_192851,3000,88.5,12.9,0.0
rate_3000_scapy_mit_on_20260516_192851,3000,89.0,10.7,0.0
rate_3000_scapy_mit_on_20260516_192851,3000,89.5,8.47,0.0
rate_5000_scapy_mit_on_20260516_193028,5000,5.0,4.73,0.0
rate_5000_scapy_mit_on_20260516_193028,5000,5.5,5.56,0.0
rate_5000_scapy_mit_on_20260516_193028,5000,6.0,6.36,0.0
rate_5000_scapy_mit_on_20260516_193028,5000,6.5,7.39,0.0
rate_5000_scapy_mit_on_20260516_193028,5000,7.0,4.32,0.0
rate_5000_scapy_mit_on_20260516_193028,5000,7.5,5.09,0.0
rate_5000_scapy_mit_on_20260516_193028,5000,8.0,6.16,0.0
rate_5000_scapy_mit_on_20260516_193028,5000,8.5,7.07,0.0
rate_5000_scapy_mit_on_20260516_193028,5000,9.0,7.8,0.0
rate_5000_scapy_mit_on_20260516_193028,5000,9.5,8.06,0.0
rate_5000_scapy_mit_on_20260516_193028,5000,10.0,8.79,0.0
rate_5000_scapy_mit_on_20260516_193028,5000,10.5,8.78,0.0
rate_5000_scapy_mit_on_20260516_193028,5000,11.0,8.62,0.0
rate_5000_scapy_mit_on_20260516_193028,5000,11.5,4.12,0.0
rate_5000_scapy_mit_on_20260516_193028,5000,12.0,6.07,0.0
rate_5000_scapy_mit_on_20260516_193028,5000,12.5,5.02,0.0
rate_5000_scapy_mit_on_20260516_193028,5000,13.0,5.69,0.0
rate_5000_scapy_mit_on_20260516_193028,5000,13.5,7.63,0.0
rate_5000_scapy_mit_on_20260516_193028,5000,14.0,5.93,0.0
rate_5000_scapy_mit_on_20260516_193028,5000,14.5,6.91,0.0
rate_5000_scapy_mit_on_20260516_193028,5000,15.0,7.54,0.0
rate_5000_scapy_mit_on_20260516_193028,5000,15.5,7.66,0.0
rate_5000_scapy_mit_on_20260516_193028,5000,16.0,7.65,0.0
rate_5000_scapy_mit_on_20260516_193028,5000,16.5,7.72,0.0
rate_5000_scapy_mit_on_20260516_193028,5000,17.0,7.03,0.0
rate_5000_scapy_mit_on_20260516_193028,5000,17.5,8.2,0.0
rate_5000_scapy_mit_on_20260516_193028,5000,18.0,8.22,0.0
rate_5000_scapy_mit_on_20260516_193028,5000,18.5,10.4,0.0
rate_5000_scapy_mit_on_20260516_193028,5000,19.0,9.56,210.33
rate_5000_scapy_mit_on_20260516_193028,5000,19.5,9.81,210.33
rate_5000_scapy_mit_on_20260516_193028,5000,20.0,10.0,311.33
rate_5000_scapy_mit_on_20260516_193028,5000,20.5,10.9,311.33
rate_5000_scapy_mit_on_20260516_193028,5000,21.0,11.7,311.33
rate_5000_scapy_mit_on_20260516_193028,5000,21.5,11.8,443.67
rate_5000_scapy_mit_on_20260516_193028,5000,22.0,11.7,443.67
rate_5000_scapy_mit_on_20260516_193028,5000,22.5,9.88,281.67
rate_5000_scapy_mit_on_20260516_193028,5000,23.0,8.03,281.67
rate_5000_scapy_mit_on_20260516_193028,5000,23.5,12.8,266.67
rate_5000_scapy_mit_on_20260516_193028,5000,24.0,8.35,266.67
rate_5000_scapy_mit_on_20260516_193028,5000,24.5,11.6,266.33
rate_5000_scapy_mit_on_20260516_193028,5000,25.0,11.8,266.33
rate_5000_scapy_mit_on_20260516_193028,5000,25.5,11.8,300.0
rate_5000_scapy_mit_on_20260516_193028,5000,26.0,11.9,300.0
rate_5000_scapy_mit_on_20260516_193028,5000,26.5,11.8,334.0
rate_5000_scapy_mit_on_20260516_193028,5000,27.0,11.8,334.0
rate_5000_scapy_mit_on_20260516_193028,5000,27.5,11.8,327.67
rate_5000_scapy_mit_on_20260516_193028,5000,28.0,11.9,327.67
rate_5000_scapy_mit_on_20260516_193028,5000,28.5,11.8,358.67
rate_5000_scapy_mit_on_20260516_193028,5000,29.0,12.1,358.67
rate_5000_scapy_mit_on_20260516_193028,5000,29.5,12.8,350.0
rate_5000_scapy_mit_on_20260516_193028,5000,30.0,12.8,350.0
rate_5000_scapy_mit_on_20260516_193028,5000,30.5,12.9,350.0
rate_5000_scapy_mit_on_20260516_193028,5000,31.0,9.59,350.0
rate_5000_scapy_mit_on_20260516_193028,5000,31.5,13.1,336.33
rate_5000_scapy_mit_on_20260516_193028,5000,32.0,10.4,336.33
rate_5000_scapy_mit_on_20260516_193028,5000,32.5,10.5,280.0
rate_5000_scapy_mit_on_20260516_193028,5000,33.0,10.8,280.0
rate_5000_scapy_mit_on_20260516_193028,5000,33.5,10.8,207.0
rate_5000_scapy_mit_on_20260516_193028,5000,34.0,10.8,207.0
rate_5000_scapy_mit_on_20260516_193028,5000,34.5,10.8,166.67
rate_5000_scapy_mit_on_20260516_193028,5000,35.0,10.8,166.67
rate_5000_scapy_mit_on_20260516_193028,5000,35.5,10.7,170.0
rate_5000_scapy_mit_on_20260516_193028,5000,36.0,10.7,170.0
rate_5000_scapy_mit_on_20260516_193028,5000,36.5,10.7,167.67
rate_5000_scapy_mit_on_20260516_193028,5000,37.0,10.7,167.67
rate_5000_scapy_mit_on_20260516_193028,5000,37.5,10.7,133.33
rate_5000_scapy_mit_on_20260516_193028,5000,38.0,10.7,133.33
rate_5000_scapy_mit_on_20260516_193028,5000,38.5,11.3,133.33
rate_5000_scapy_mit_on_20260516_193028,5000,39.0,11.6,133.33
rate_5000_scapy_mit_on_20260516_193028,5000,39.5,11.0,143.0
rate_5000_scapy_mit_on_20260516_193028,5000,40.0,13.7,143.0
rate_5000_scapy_mit_on_20260516_193028,5000,40.5,13.9,146.33
rate_5000_scapy_mit_on_20260516_193028,5000,41.0,12.1,146.33
rate_5000_scapy_mit_on_20260516_193028,5000,41.5,10.1,150.0
rate_5000_scapy_mit_on_20260516_193028,5000,42.0,12.3,150.0
rate_5000_scapy_mit_on_20260516_193028,5000,42.5,11.3,150.0
rate_5000_scapy_mit_on_20260516_193028,5000,43.0,14.2,150.0
rate_5000_scapy_mit_on_20260516_193028,5000,43.5,10.6,150.0
rate_5000_scapy_mit_on_20260516_193028,5000,44.0,13.5,152.67
rate_5000_scapy_mit_on_20260516_193028,5000,44.5,14.7,152.67
rate_5000_scapy_mit_on_20260516_193028,5000,45.0,13.5,148.33
rate_5000_scapy_mit_on_20260516_193028,5000,45.5,10.4,148.33
rate_5000_scapy_mit_on_20260516_193028,5000,46.0,14.4,161.33
rate_5000_scapy_mit_on_20260516_193028,5000,46.5,9.91,161.33
rate_5000_scapy_mit_on_20260516_193028,5000,47.0,11.8,224.33
rate_5000_scapy_mit_on_20260516_193028,5000,47.5,13.2,224.33
rate_5000_scapy_mit_on_20260516_193028,5000,48.0,11.4,260.0
rate_5000_scapy_mit_on_20260516_193028,5000,48.5,12.2,260.0
rate_5000_scapy_mit_on_20260516_193028,5000,49.0,13.1,242.0
rate_5000_scapy_mit_on_20260516_193028,5000,49.5,11.4,242.0
rate_5000_scapy_mit_on_20260516_193028,5000,50.0,11.7,184.0
rate_5000_scapy_mit_on_20260516_193028,5000,50.5,13.5,184.0
rate_5000_scapy_mit_on_20260516_193028,5000,51.0,14.0,233.33
rate_5000_scapy_mit_on_20260516_193028,5000,51.5,11.7,233.33
rate_5000_scapy_mit_on_20260516_193028,5000,52.0,13.4,296.33
rate_5000_scapy_mit_on_20260516_193028,5000,52.5,10.5,296.33
rate_5000_scapy_mit_on_20260516_193028,5000,53.0,17.5,307.33
rate_5000_scapy_mit_on_20260516_193028,5000,53.5,11.3,307.33
rate_5000_scapy_mit_on_20260516_193028,5000,54.0,10.4,247.0
rate_5000_scapy_mit_on_20260516_193028,5000,54.5,7.11,247.0
rate_5000_scapy_mit_on_20260516_193028,5000,55.0,9.08,168.33
rate_5000_scapy_mit_on_20260516_193028,5000,55.5,6.13,168.33
rate_5000_scapy_mit_on_20260516_193028,5000,56.0,9.72,166.67
rate_5000_scapy_mit_on_20260516_193028,5000,56.5,11.1,166.67
rate_5000_scapy_mit_on_20260516_193028,5000,57.0,10.7,233.33
rate_5000_scapy_mit_on_20260516_193028,5000,57.5,10.6,233.33
rate_5000_scapy_mit_on_20260516_193028,5000,58.0,7.02,296.0
rate_5000_scapy_mit_on_20260516_193028,5000,58.5,9.19,296.0
rate_5000_scapy_mit_on_20260516_193028,5000,59.0,15.4,339.33
rate_5000_scapy_mit_on_20260516_193028,5000,59.5,11.7,339.33
rate_5000_scapy_mit_on_20260516_193028,5000,60.0,12.4,280.67
rate_5000_scapy_mit_on_20260516_193028,5000,60.5,9.62,280.67
rate_5000_scapy_mit_on_20260516_193028,5000,61.0,10.4,216.67
rate_5000_scapy_mit_on_20260516_193028,5000,61.5,11.3,216.67
rate_5000_scapy_mit_on_20260516_193028,5000,62.0,11.9,172.33
rate_5000_scapy_mit_on_20260516_193028,5000,62.5,11.3,172.33
rate_5000_scapy_mit_on_20260516_193028,5000,63.0,9.5,197.33
rate_5000_scapy_mit_on_20260516_193028,5000,63.5,14.5,197.33
rate_5000_scapy_mit_on_20260516_193028,5000,64.0,11.3,150.0
rate_5000_scapy_mit_on_20260516_193028,5000,64.5,11.1,150.0
rate_5000_scapy_mit_on_20260516_193028,5000,65.0,12.6,66.67
rate_5000_scapy_mit_on_20260516_193028,5000,65.5,11.9,66.67
rate_5000_scapy_mit_on_20260516_193028,5000,66.0,10.4,0.0
rate_5000_scapy_mit_on_20260516_193028,5000,66.5,10.4,0.0
rate_5000_scapy_mit_on_20260516_193028,5000,67.0,11.2,0.0
rate_5000_scapy_mit_on_20260516_193028,5000,67.5,14.5,0.0
rate_5000_scapy_mit_on_20260516_193028,5000,68.0,13.4,0.0
rate_5000_scapy_mit_on_20260516_193028,5000,68.5,12.3,0.0
rate_5000_scapy_mit_on_20260516_193028,5000,69.0,10.3,0.0
rate_5000_scapy_mit_on_20260516_193028,5000,69.5,11.8,0.0
rate_5000_scapy_mit_on_20260516_193028,5000,70.0,14.2,0.0
rate_5000_scapy_mit_on_20260516_193028,5000,70.5,11.1,0.0
rate_5000_scapy_mit_on_20260516_193028,5000,71.0,12.2,0.0
rate_5000_scapy_mit_on_20260516_193028,5000,71.5,9.43,0.0
rate_5000_scapy_mit_on_20260516_193028,5000,72.0,9.81,0.0
rate_5000_scapy_mit_on_20260516_193028,5000,72.5,10.3,0.0
rate_5000_scapy_mit_on_20260516_193028,5000,73.0,11.3,0.0
rate_5000_scapy_mit_on_20260516_193028,5000,73.5,12.2,0.0
rate_5000_scapy_mit_on_20260516_193028,5000,74.0,14.0,0.0
rate_5000_scapy_mit_on_20260516_193028,5000,74.5,15.1,0.0
rate_5000_scapy_mit_on_20260516_193028,5000,75.0,15.6,0.0
rate_5000_scapy_mit_on_20260516_193028,5000,75.5,13.2,0.0
rate_5000_scapy_mit_on_20260516_193028,5000,76.0,10.7,0.0
rate_5000_scapy_mit_on_20260516_193028,5000,76.5,13.8,0.0
rate_5000_scapy_mit_on_20260516_193028,5000,77.0,10.4,0.0
rate_5000_scapy_mit_on_20260516_193028,5000,77.5,13.4,0.0
rate_5000_scapy_mit_on_20260516_193028,5000,78.0,16.2,0.0
rate_5000_scapy_mit_on_20260516_193028,5000,78.5,14.6,0.0
rate_5000_scapy_mit_on_20260516_193028,5000,79.0,12.6,0.0
rate_5000_scapy_mit_on_20260516_193028,5000,79.5,9.04,0.0
rate_5000_scapy_mit_on_20260516_193028,5000,80.0,15.9,0.0
rate_5000_scapy_mit_on_20260516_193028,5000,80.5,10.8,0.0
rate_5000_scapy_mit_on_20260516_193028,5000,81.0,9.62,0.0
rate_5000_scapy_mit_on_20260516_193028,5000,81.5,13.5,0.0
rate_5000_scapy_mit_on_20260516_193028,5000,82.0,11.0,0.0
rate_5000_scapy_mit_on_20260516_193028,5000,82.5,8.91,0.0
rate_5000_scapy_mit_on_20260516_193028,5000,83.0,11.9,0.0
rate_5000_scapy_mit_on_20260516_193028,5000,83.5,9.73,0.0
rate_5000_scapy_mit_on_20260516_193028,5000,84.0,14.0,0.0
rate_5000_scapy_mit_on_20260516_193028,5000,84.5,15.5,0.0
rate_5000_scapy_mit_on_20260516_193028,5000,85.0,15.6,0.0
rate_5000_scapy_mit_on_20260516_193028,5000,85.5,12.7,0.0
rate_5000_scapy_mit_on_20260516_193028,5000,86.0,12.2,0.0
rate_5000_scapy_mit_on_20260516_193028,5000,86.5,13.5,0.0
rate_5000_scapy_mit_on_20260516_193028,5000,87.0,10.2,0.0
rate_5000_scapy_mit_on_20260516_193028,5000,87.5,11.3,0.0
rate_5000_scapy_mit_on_20260516_193028,5000,88.0,13.9,0.0
rate_5000_scapy_mit_on_20260516_193028,5000,88.5,11.0,0.0
rate_5000_scapy_mit_on_20260516_193028,5000,89.0,10.3,0.0
rate_5000_scapy_mit_on_20260516_193028,5000,89.5,8.67,0.0
rate_10000_scapy_mit_on_20260516_193206,10000,5.0,10.3,0.0
rate_10000_scapy_mit_on_20260516_193206,10000,5.5,5.32,0.0
rate_10000_scapy_mit_on_20260516_193206,10000,6.0,5.79,0.0
rate_10000_scapy_mit_on_20260516_193206,10000,6.5,5.74,0.0
rate_10000_scapy_mit_on_20260516_193206,10000,7.0,7.39,0.0
rate_10000_scapy_mit_on_20260516_193206,10000,7.5,7.75,0.0
rate_10000_scapy_mit_on_20260516_193206,10000,8.0,7.68,0.0
rate_10000_scapy_mit_on_20260516_193206,10000,8.5,8.54,0.0
rate_10000_scapy_mit_on_20260516_193206,10000,9.0,8.35,0.0
rate_10000_scapy_mit_on_20260516_193206,10000,9.5,8.93,0.0
rate_10000_scapy_mit_on_20260516_193206,10000,10.0,4.16,0.0
rate_10000_scapy_mit_on_20260516_193206,10000,10.5,4.66,0.0
rate_10000_scapy_mit_on_20260516_193206,10000,11.0,5.26,0.0
rate_10000_scapy_mit_on_20260516_193206,10000,11.5,5.74,0.0
rate_10000_scapy_mit_on_20260516_193206,10000,12.0,5.72,0.0
rate_10000_scapy_mit_on_20260516_193206,10000,12.5,5.65,0.0
rate_10000_scapy_mit_on_20260516_193206,10000,13.0,5.58,0.0
rate_10000_scapy_mit_on_20260516_193206,10000,13.5,5.74,0.0
rate_10000_scapy_mit_on_20260516_193206,10000,14.0,5.71,0.0
rate_10000_scapy_mit_on_20260516_193206,10000,14.5,5.85,0.0
rate_10000_scapy_mit_on_20260516_193206,10000,15.0,5.8,0.0
rate_10000_scapy_mit_on_20260516_193206,10000,15.5,5.59,0.0
rate_10000_scapy_mit_on_20260516_193206,10000,16.0,5.82,0.0
rate_10000_scapy_mit_on_20260516_193206,10000,16.5,5.77,0.0
rate_10000_scapy_mit_on_20260516_193206,10000,17.0,5.75,0.0
rate_10000_scapy_mit_on_20260516_193206,10000,17.5,5.79,0.0
rate_10000_scapy_mit_on_20260516_193206,10000,18.0,6.9,0.0
rate_10000_scapy_mit_on_20260516_193206,10000,18.5,8.85,0.0
rate_10000_scapy_mit_on_20260516_193206,10000,19.0,10.7,153.33
rate_10000_scapy_mit_on_20260516_193206,10000,19.5,10.6,153.33
rate_10000_scapy_mit_on_20260516_193206,10000,20.0,8.71,266.67
rate_10000_scapy_mit_on_20260516_193206,10000,20.5,8.91,266.67
rate_10000_scapy_mit_on_20260516_193206,10000,21.0,8.86,266.67
rate_10000_scapy_mit_on_20260516_193206,10000,21.5,10.7,363.67
rate_10000_scapy_mit_on_20260516_193206,10000,22.0,8.89,363.67
rate_10000_scapy_mit_on_20260516_193206,10000,22.5,9.78,292.0
rate_10000_scapy_mit_on_20260516_193206,10000,23.0,9.7,292.0
rate_10000_scapy_mit_on_20260516_193206,10000,23.5,9.75,261.0
rate_10000_scapy_mit_on_20260516_193206,10000,24.0,9.8,261.0
rate_10000_scapy_mit_on_20260516_193206,10000,24.5,9.75,208.67
rate_10000_scapy_mit_on_20260516_193206,10000,25.0,9.78,208.67
rate_10000_scapy_mit_on_20260516_193206,10000,25.5,9.85,166.67
rate_10000_scapy_mit_on_20260516_193206,10000,26.0,9.93,166.67
rate_10000_scapy_mit_on_20260516_193206,10000,26.5,10.6,166.67
rate_10000_scapy_mit_on_20260516_193206,10000,27.0,10.8,166.67
rate_10000_scapy_mit_on_20260516_193206,10000,27.5,12.6,181.0
rate_10000_scapy_mit_on_20260516_193206,10000,28.0,13.3,181.0
rate_10000_scapy_mit_on_20260516_193206,10000,28.5,8.4,184.33
rate_10000_scapy_mit_on_20260516_193206,10000,29.0,8.65,184.33
rate_10000_scapy_mit_on_20260516_193206,10000,29.5,8.94,172.33
rate_10000_scapy_mit_on_20260516_193206,10000,30.0,9.75,172.33
rate_10000_scapy_mit_on_20260516_193206,10000,30.5,9.74,166.67
rate_10000_scapy_mit_on_20260516_193206,10000,31.0,9.56,166.67
rate_10000_scapy_mit_on_20260516_193206,10000,31.5,10.0,175.33
rate_10000_scapy_mit_on_20260516_193206,10000,32.0,10.8,175.33
rate_10000_scapy_mit_on_20260516_193206,10000,32.5,8.96,222.33
rate_10000_scapy_mit_on_20260516_193206,10000,33.0,9.79,222.33
rate_10000_scapy_mit_on_20260516_193206,10000,33.5,9.72,266.67
rate_10000_scapy_mit_on_20260516_193206,10000,34.0,9.69,266.67
rate_10000_scapy_mit_on_20260516_193206,10000,34.5,9.62,266.67
rate_10000_scapy_mit_on_20260516_193206,10000,35.0,9.82,266.67
rate_10000_scapy_mit_on_20260516_193206,10000,35.5,12.4,227.33
rate_10000_scapy_mit_on_20260516_193206,10000,36.0,10.0,227.33
rate_10000_scapy_mit_on_20260516_193206,10000,36.5,10.6,161.67
rate_10000_scapy_mit_on_20260516_193206,10000,37.0,10.4,161.67
rate_10000_scapy_mit_on_20260516_193206,10000,37.5,10.6,166.67
rate_10000_scapy_mit_on_20260516_193206,10000,38.0,11.0,166.67
rate_10000_scapy_mit_on_20260516_193206,10000,38.5,12.0,160.67
rate_10000_scapy_mit_on_20260516_193206,10000,39.0,13.1,160.67
rate_10000_scapy_mit_on_20260516_193206,10000,39.5,13.3,194.0
rate_10000_scapy_mit_on_20260516_193206,10000,40.0,12.8,194.0
rate_10000_scapy_mit_on_20260516_193206,10000,40.5,13.7,231.0
rate_10000_scapy_mit_on_20260516_193206,10000,41.0,12.7,231.0
rate_10000_scapy_mit_on_20260516_193206,10000,41.5,14.8,224.67
rate_10000_scapy_mit_on_20260516_193206,10000,42.0,9.19,224.67
rate_10000_scapy_mit_on_20260516_193206,10000,42.5,14.5,195.67
rate_10000_scapy_mit_on_20260516_193206,10000,43.0,10.9,195.67
rate_10000_scapy_mit_on_20260516_193206,10000,43.5,11.9,166.67
rate_10000_scapy_mit_on_20260516_193206,10000,44.0,11.3,166.67
rate_10000_scapy_mit_on_20260516_193206,10000,44.5,12.8,166.67
rate_10000_scapy_mit_on_20260516_193206,10000,45.0,11.2,167.33
rate_10000_scapy_mit_on_20260516_193206,10000,45.5,11.9,167.33
rate_10000_scapy_mit_on_20260516_193206,10000,46.0,15.3,189.67
rate_10000_scapy_mit_on_20260516_193206,10000,46.5,10.7,189.67
rate_10000_scapy_mit_on_20260516_193206,10000,47.0,11.2,266.67
rate_10000_scapy_mit_on_20260516_193206,10000,47.5,8.62,266.67
rate_10000_scapy_mit_on_20260516_193206,10000,48.0,6.23,333.33
rate_10000_scapy_mit_on_20260516_193206,10000,48.5,14.2,333.33
rate_10000_scapy_mit_on_20260516_193206,10000,49.0,10.4,322.33
rate_10000_scapy_mit_on_20260516_193206,10000,49.5,8.79,322.33
rate_10000_scapy_mit_on_20260516_193206,10000,50.0,9.43,261.33
rate_10000_scapy_mit_on_20260516_193206,10000,50.5,8.43,261.33
rate_10000_scapy_mit_on_20260516_193206,10000,51.0,9.51,266.67
rate_10000_scapy_mit_on_20260516_193206,10000,51.5,11.1,266.67
rate_10000_scapy_mit_on_20260516_193206,10000,52.0,11.6,225.33
rate_10000_scapy_mit_on_20260516_193206,10000,52.5,7.59,225.33
rate_10000_scapy_mit_on_20260516_193206,10000,53.0,14.4,218.33
rate_10000_scapy_mit_on_20260516_193206,10000,53.5,9.58,218.33
rate_10000_scapy_mit_on_20260516_193206,10000,54.0,10.4,166.67
rate_10000_scapy_mit_on_20260516_193206,10000,54.5,5.42,166.67
rate_10000_scapy_mit_on_20260516_193206,10000,55.0,11.1,207.33
rate_10000_scapy_mit_on_20260516_193206,10000,55.5,10.4,207.33
rate_10000_scapy_mit_on_20260516_193206,10000,56.0,6.76,233.33
rate_10000_scapy_mit_on_20260516_193206,10000,56.5,7.03,233.33
rate_10000_scapy_mit_on_20260516_193206,10000,57.0,7.28,228.33
rate_10000_scapy_mit_on_20260516_193206,10000,57.5,7.84,228.33
rate_10000_scapy_mit_on_20260516_193206,10000,58.0,10.0,175.33
rate_10000_scapy_mit_on_20260516_193206,10000,58.5,8.31,175.33
rate_10000_scapy_mit_on_20260516_193206,10000,59.0,14.8,166.67
rate_10000_scapy_mit_on_20260516_193206,10000,59.5,8.86,166.67
rate_10000_scapy_mit_on_20260516_193206,10000,60.0,10.3,156.33
rate_10000_scapy_mit_on_20260516_193206,10000,60.5,9.47,156.33
rate_10000_scapy_mit_on_20260516_193206,10000,61.0,12.7,151.0
rate_10000_scapy_mit_on_20260516_193206,10000,61.5,8.95,151.0
rate_10000_scapy_mit_on_20260516_193206,10000,62.0,10.1,184.0
rate_10000_scapy_mit_on_20260516_193206,10000,62.5,11.4,184.0
rate_10000_scapy_mit_on_20260516_193206,10000,63.0,11.5,210.33
rate_10000_scapy_mit_on_20260516_193206,10000,63.5,11.6,210.33
rate_10000_scapy_mit_on_20260516_193206,10000,64.0,11.4,166.33
rate_10000_scapy_mit_on_20260516_193206,10000,64.5,8.3,166.33
rate_10000_scapy_mit_on_20260516_193206,10000,65.0,12.1,67.0
rate_10000_scapy_mit_on_20260516_193206,10000,65.5,15.6,67.0
rate_10000_scapy_mit_on_20260516_193206,10000,66.0,8.65,0.0
rate_10000_scapy_mit_on_20260516_193206,10000,66.5,8.3,0.0
rate_10000_scapy_mit_on_20260516_193206,10000,67.0,6.68,0.0
rate_10000_scapy_mit_on_20260516_193206,10000,67.5,7.93,0.0
rate_10000_scapy_mit_on_20260516_193206,10000,68.0,10.9,0.0
rate_10000_scapy_mit_on_20260516_193206,10000,68.5,12.6,0.0
rate_10000_scapy_mit_on_20260516_193206,10000,69.0,12.1,0.0
rate_10000_scapy_mit_on_20260516_193206,10000,69.5,10.4,0.0
rate_10000_scapy_mit_on_20260516_193206,10000,70.0,13.4,0.0
rate_10000_scapy_mit_on_20260516_193206,10000,70.5,13.4,0.0
rate_10000_scapy_mit_on_20260516_193206,10000,71.0,14.2,0.0
rate_10000_scapy_mit_on_20260516_193206,10000,71.5,7.77,0.0
rate_10000_scapy_mit_on_20260516_193206,10000,72.0,15.3,0.0
rate_10000_scapy_mit_on_20260516_193206,10000,72.5,10.1,0.0
rate_10000_scapy_mit_on_20260516_193206,10000,73.0,12.6,0.0
rate_10000_scapy_mit_on_20260516_193206,10000,73.5,10.6,0.0
rate_10000_scapy_mit_on_20260516_193206,10000,74.0,13.8,0.0
rate_10000_scapy_mit_on_20260516_193206,10000,74.5,9.96,0.0
rate_10000_scapy_mit_on_20260516_193206,10000,75.0,11.9,0.0
rate_10000_scapy_mit_on_20260516_193206,10000,75.5,9.91,0.0
rate_10000_scapy_mit_on_20260516_193206,10000,76.0,12.2,0.0
rate_10000_scapy_mit_on_20260516_193206,10000,76.5,8.04,0.0
rate_10000_scapy_mit_on_20260516_193206,10000,77.0,14.2,0.0
rate_10000_scapy_mit_on_20260516_193206,10000,77.5,15.4,0.0
rate_10000_scapy_mit_on_20260516_193206,10000,78.0,9.88,0.0
rate_10000_scapy_mit_on_20260516_193206,10000,78.5,10.4,0.0
rate_10000_scapy_mit_on_20260516_193206,10000,79.0,14.0,0.0
rate_10000_scapy_mit_on_20260516_193206,10000,79.5,10.6,0.0
rate_10000_scapy_mit_on_20260516_193206,10000,80.0,10.5,0.0
rate_10000_scapy_mit_on_20260516_193206,10000,80.5,9.23,0.0
rate_10000_scapy_mit_on_20260516_193206,10000,81.0,13.8,0.0
rate_10000_scapy_mit_on_20260516_193206,10000,81.5,11.4,0.0
rate_10000_scapy_mit_on_20260516_193206,10000,82.0,10.5,0.0
rate_10000_scapy_mit_on_20260516_193206,10000,82.5,13.4,0.0
rate_10000_scapy_mit_on_20260516_193206,10000,83.0,13.5,0.0
rate_10000_scapy_mit_on_20260516_193206,10000,83.5,13.6,0.0
rate_10000_scapy_mit_on_20260516_193206,10000,84.0,14.1,0.0
rate_10000_scapy_mit_on_20260516_193206,10000,84.5,13.8,0.0
rate_10000_scapy_mit_on_20260516_193206,10000,85.0,13.8,0.0
rate_10000_scapy_mit_on_20260516_193206,10000,85.5,13.1,0.0
rate_10000_scapy_mit_on_20260516_193206,10000,86.0,12.2,0.0
rate_10000_scapy_mit_on_20260516_193206,10000,86.5,9.98,0.0
rate_10000_scapy_mit_on_20260516_193206,10000,87.0,12.2,0.0
rate_10000_scapy_mit_on_20260516_193206,10000,87.5,11.1,0.0
rate_10000_scapy_mit_on_20260516_193206,10000,88.0,10.9,0.0
rate_10000_scapy_mit_on_20260516_193206,10000,88.5,10.1,0.0
rate_10000_scapy_mit_on_20260516_193206,10000,89.0,13.6,0.0
rate_10000_scapy_mit_on_20260516_193206,10000,89.5,12.3,0.0
