t,timestamp,iface,rx_pps,tx_pps,total_pps,rx_packets,tx_packets,rx_mbps,tx_mbps,total_mbps,rx_bytes,tx_bytes,rx_dropped,tx_dropped,rx_errors,tx_errors
0.003,1778981137.050009,eth0,2172.4105,4034.4767,6206.8872,1148381,1115951,0.9037,5.2336,6.1374,619634427,123208037,0,0,0,0
1.059,1778981138.105575,eth0,34.1049,37.8944,71.9993,1148417,1115991,0.045,0.0599,0.1049,619640363,123215939,0,0,0,0
2.079,1778981139.125661,eth0,21.5668,27.4487,49.0155,1148439,1116019,0.0286,0.0279,0.0564,619644007,123219491,0,0,0,0
3.105,1778981140.151413,eth0,12.6736,15.5983,28.272,1148452,1116035,0.008,0.0153,0.0233,619645031,123221459,0,0,0,0
4.122,1778981141.168917,eth0,11.7936,19.6559,31.4495,1148464,1116055,0.0066,0.0208,0.0274,619645871,123224107,0,0,0,0
5.149,1778981142.195647,eth0,9.7397,14.6095,24.3491,1148474,1116070,0.0065,0.0145,0.021,619646703,123225969,0,0,0,0
6.168,1778981143.214957,eth0,8.8295,14.7158,23.5453,1148483,1116085,0.0058,0.0163,0.0221,619647447,123228047,0,0,0,0
7.187,1778981144.233389,eth0,10.8009,15.7104,26.5113,1148494,1116101,0.0068,0.0169,0.0237,619648311,123230199,0,0,0,0
8.204,1778981145.250524,eth0,13.7641,17.6968,31.4609,1148508,1116119,0.008,0.0179,0.0259,619649327,123232479,0,0,0,0
9.221,1778981146.268181,eth0,8.8438,14.7397,23.5836,1148517,1116134,0.0059,0.0163,0.0222,619650079,123234557,0,0,0,0
10.238,1778981147.28519,eth0,11.7993,17.699,29.4983,1148529,1116152,0.0077,0.0183,0.0259,619651054,123236880,0,0,0,0
11.256,1778981148.302631,eth0,10.8114,17.6914,28.5029,1148540,1116170,0.0068,0.0193,0.0261,619651918,123239340,0,0,0,0
12.281,1778981149.327841,eth0,11.7049,15.6066,27.3115,1148552,1116186,0.0073,0.0158,0.0231,619652850,123241364,0,0,0,0
13.299,1778981150.345995,eth0,13.7504,20.6256,34.3759,1148566,1116207,0.0092,0.0214,0.0306,619654018,123244086,0,0,0,0
14.325,1778981151.371905,eth0,8.7727,13.6464,22.4191,1148575,1116221,0.0066,0.0141,0.0207,619654870,123245890,0,0,0,0
15.345,1778981152.391639,eth0,10.7871,20.5936,31.3807,1148586,1116242,0.0067,0.0243,0.031,619655726,123248988,0,0,0,0
16.385,1778981153.431573,eth0,29.8096,32.6944,62.504,1148617,1116276,0.0375,0.044,0.0815,619660605,123254706,0,0,0,0
17.402,1778981154.449037,eth0,12.7769,17.691,30.4679,1148630,1116294,0.0076,0.018,0.0256,619661577,123256994,0,0,0,0
18.419,1778981155.46603,eth0,53.0977,37.365,90.4627,1148684,1116332,0.0806,0.0329,0.1135,619671821,123261174,0,0,0,0
19.46,1778981156.506425,eth0,477.7035,521.9175,999.621,1149181,1116875,0.857,0.4126,1.2696,619783267,123314836,0,0,0,0
20.487,1778981157.533821,eth0,192.7201,185.9068,378.6269,1149379,1117066,0.4504,0.1066,0.557,619841107,123328530,0,0,0,0
21.505,1778981158.551469,eth0,226.0114,193.5837,419.5951,1149609,1117263,0.7297,0.1107,0.8403,619933923,123342608,0,0,0,0
22.528,1778981159.575168,eth0,302.8235,228.5829,531.4064,1149919,1117497,1.0528,0.1294,1.1823,620068647,123359172,0,0,0,0
23.562,1778981160.608605,eth0,239.9759,179.9819,419.9578,1150167,1117683,0.8918,0.1036,0.9953,620183843,123372552,0,0,0,0
24.581,1778981161.627522,eth0,225.7299,110.9021,336.632,1150397,1117796,0.9051,0.0674,0.9725,620299115,123381138,0,0,0,0
25.604,1778981162.65086,eth0,145.6019,95.765,241.367,1150546,1117894,0.2697,0.0592,0.3289,620333617,123388707,0,0,0,0
26.621,1778981163.667631,eth0,161.2949,104.2516,265.5464,1150710,1118000,0.4492,0.0639,0.5131,620390709,123396823,0,0,0,0
27.647,1778981164.694225,eth0,186.0522,107.1505,293.2027,1150901,1118110,0.8525,0.0678,0.9202,620500101,123405521,0,0,0,0
28.669,1778981165.715509,eth0,129.2491,89.1035,218.3526,1151033,1118201,0.3955,0.0692,0.4647,620550591,123414357,0,0,0,0
29.687,1778981166.733981,eth0,120.7691,106.0412,226.8103,1151156,1118309,0.3529,0.0665,0.4194,620595515,123422828,0,0,0,0
30.705,1778981167.751475,eth0,123.8337,98.2807,222.1144,1151282,1118409,0.3692,0.0604,0.4295,620642471,123430504,0,0,0,0
31.728,1778981168.775115,eth0,119.1825,87.9215,207.104,1151404,1118499,0.2553,0.0551,0.3104,620675133,123437556,0,0,0,0
32.747,1778981169.793544,eth0,167.9057,96.2266,264.1323,1151575,1118597,0.3966,0.0611,0.4577,620725619,123445336,0,0,0,0
33.769,1778981170.815626,eth0,154.5864,106.6451,261.2315,1151733,1118706,0.5776,0.0652,0.6428,620799415,123453666,0,0,0,0
34.796,1778981171.843007,eth0,192.7232,116.8019,309.5251,1151931,1118826,0.8449,0.0701,0.915,620907915,123462674,0,0,0,0
35.816,1778981172.862772,eth0,150.0345,114.7323,264.7668,1152084,1118943,0.5448,0.0695,0.6142,620977355,123471528,0,0,0,0
36.841,1778981173.887465,eth0,173.7105,102.4697,276.1802,1152262,1119048,0.6214,0.0627,0.684,621056943,123479554,0,0,0,0
37.866,1778981174.912757,eth0,212.6223,115.0891,327.7115,1152480,1119166,0.6751,0.0696,0.7447,621143463,123488474,0,0,0,0
38.897,1778981175.943466,eth0,200.8328,115.4546,316.2873,1152687,1119285,0.7456,0.071,0.8166,621239527,123497624,0,0,0,0
39.915,1778981176.96159,eth0,131.6146,92.3267,223.9413,1152821,1119379,0.4737,0.0573,0.531,621299819,123504916,0,0,0,0
40.932,1778981177.978904,eth0,158.2599,120.9067,279.1666,1152982,1119502,0.4288,0.1129,0.5417,621354345,123519273,0,0,0,0
41.951,1778981178.99741,eth0,170.8384,119.7832,290.6216,1153156,1119624,0.5435,0.0824,0.6259,621423537,123529764,0,0,0,0
42.972,1778981180.019213,eth0,136.0341,93.9516,229.9857,1153295,1119720,0.4113,0.0581,0.4695,621476075,123537188,0,0,0,0
43.991,1778981181.038279,eth0,172.7071,107.9419,280.6491,1153471,1119830,0.3285,0.0657,0.3942,621517925,123545552,0,0,0,0
45.012,1778981182.058724,eth0,122.4956,96.0366,218.5322,1153596,1119928,0.3272,0.0595,0.3867,621559657,123553140,0,0,0,0
46.04,1778981183.086644,eth0,113.822,87.5554,201.3774,1153713,1120018,0.3375,0.0547,0.3922,621603021,123560168,0,0,0,0
47.057,1778981184.103615,eth0,125.864,96.3646,222.2286,1153841,1120116,0.3623,0.0598,0.4221,621649077,123567764,0,0,0,0
48.086,1778981185.13243,eth0,123.443,94.2832,217.7262,1153968,1120213,0.3651,0.06,0.4251,621696029,123575478,0,0,0,0
49.104,1778981186.150887,eth0,130.5897,107.0247,237.6144,1154101,1120322,0.3285,0.0652,0.3937,621737845,123583784,0,0,0,0
50.129,1778981187.175465,eth0,126.8816,93.6971,220.5787,1154231,1120418,0.2134,0.0579,0.2713,621765181,123591196,0,0,0,0
51.147,1778981188.193647,eth0,118.8392,91.3392,210.1784,1154352,1120511,0.2086,0.0569,0.2655,621791725,123598438,0,0,0,0
52.165,1778981189.211511,eth0,173.8935,104.1396,278.0332,1154529,1120617,0.6308,0.0636,0.6944,621871989,123606530,0,0,0,0
53.182,1778981190.229027,eth0,172.9704,98.2786,271.249,1154705,1120717,0.6111,0.0605,0.6716,621949717,123614226,0,0,0,0
54.201,1778981191.247463,eth0,181.651,133.5381,315.1891,1154890,1120853,0.6568,0.0789,0.7357,622033329,123624274,0,0,0,0
55.226,1778981192.272548,eth0,214.6163,139.5006,354.1169,1155110,1120996,0.6456,0.0821,0.7278,622116057,123634800,0,0,0,0
56.247,1778981193.293875,eth0,162.5336,116.5151,279.0487,1155276,1121115,0.4918,0.0702,0.562,622178847,123643762,0,0,0,0
57.275,1778981194.32199,eth0,128.3903,88.5115,216.9018,1155408,1121206,0.3926,0.0553,0.4478,622229297,123650864,0,0,0,0
58.298,1778981195.345155,eth0,172.0153,108.4869,280.5022,1155584,1121317,0.5334,0.0662,0.5995,622297513,123659326,0,0,0,0
59.323,1778981196.369743,eth0,206.9124,140.5442,347.4566,1155796,1121461,0.8556,0.0826,0.9382,622407097,123669906,0,0,0,0
60.344,1778981197.390581,eth0,181.2237,124.4076,305.6313,1155981,1121588,0.7353,0.0745,0.8098,622500925,123679408,0,0,0,0
61.371,1778981198.417999,eth0,114.8511,83.705,198.5561,1156099,1121674,0.2971,0.0527,0.3498,622539079,123686172,0,0,0,0
62.389,1778981199.435506,eth0,130.7116,104.1762,234.8878,1156232,1121780,0.218,0.0634,0.2814,622566803,123694240,0,0,0,0
63.409,1778981200.455462,eth0,137.2608,107.8478,245.1085,1156372,1121890,0.2781,0.0837,0.3618,622602261,123704907,0,0,0,0
64.467,1778981201.513675,eth0,25.5147,32.1296,57.6443,1156399,1121924,0.0237,0.0281,0.0517,622605393,123708619,0,0,0,0
65.487,1778981202.533596,eth0,11.7656,18.6289,30.3945,1156411,1121943,0.0093,0.0184,0.0277,622606585,123710961,0,0,0,0
66.504,1778981203.551087,eth0,11.7937,17.6906,29.4843,1156423,1121961,0.0094,0.0179,0.0273,622607777,123713237,0,0,0,0
67.522,1778981204.568723,eth0,14.74,22.6014,37.3414,1156438,1121984,0.0106,0.0207,0.0313,622609121,123715871,0,0,0,0
68.548,1778981205.594768,eth0,15.5939,19.4923,35.0862,1156454,1122004,0.011,0.0189,0.0299,622610537,123718295,0,0,0,0
69.568,1778981206.614621,eth0,17.6496,28.4354,46.085,1156472,1122033,0.0117,0.0294,0.0411,622612023,123722043,0,0,0,0
70.596,1778981207.643032,eth0,11.6685,16.5304,28.1989,1156484,1122050,0.0093,0.0161,0.0253,622613215,123724109,0,0,0,0
71.614,1778981208.660823,eth0,13.7553,22.5979,36.3532,1156498,1122073,0.0102,0.0235,0.0337,622614511,123727099,0,0,0,0
72.641,1778981209.687981,eth0,12.6563,18.4976,31.1539,1156511,1122092,0.0101,0.0165,0.0266,622615807,123729221,0,0,0,0
73.659,1778981210.706217,eth0,18.6597,22.5881,41.2478,1156530,1122115,0.0124,0.0218,0.0342,622617387,123731995,0,0,0,0
74.678,1778981211.724396,eth0,11.7858,17.6786,29.4644,1156542,1122133,0.0094,0.0179,0.0272,622618579,123734271,0,0,0,0
75.695,1778981212.741632,eth0,15.7289,24.5764,40.3053,1156558,1122158,0.0109,0.025,0.0359,622619967,123737445,0,0,0,0
76.714,1778981213.761078,eth0,11.7711,17.6567,29.4278,1156570,1122176,0.0094,0.0179,0.0272,622621159,123739721,0,0,0,0
77.732,1778981214.779284,eth0,11.7854,19.6424,31.4278,1156582,1122196,0.0094,0.0203,0.0297,622622351,123742305,0,0,0,0
78.757,1778981215.804193,eth0,18.5382,20.4896,39.0279,1156601,1122217,0.0121,0.0182,0.0303,622623907,123744635,0,0,0,0
79.775,1778981216.821476,eth0,12.7791,20.6432,33.4224,1156614,1122238,0.0101,0.0214,0.0315,622625194,123747356,0,0,0,0
80.801,1778981217.847583,eth0,11.6947,16.5675,28.2622,1156626,1122255,0.0093,0.0161,0.0254,622626386,123749422,0,0,0,0
81.818,1778981218.865271,eth0,12.7741,20.635,33.4091,1156639,1122276,0.0098,0.0213,0.0311,622627630,123752136,0,0,0,0
82.845,1778981219.891393,eth0,10.72,16.5672,27.2872,1156650,1122293,0.0089,0.0156,0.0245,622628770,123754138,0,0,0,0
83.863,1778981220.909943,eth0,17.6722,20.6175,38.2897,1156668,1122314,0.012,0.0196,0.0316,622630298,123756636,0,0,0,0
84.881,1778981221.927501,eth0,11.7929,17.6894,29.4824,1156680,1122332,0.0094,0.0179,0.0273,622631490,123758912,0,0,0,0
85.898,1778981222.94485,eth0,11.7954,17.693,29.4884,1156692,1122350,0.0094,0.0179,0.0273,622632682,123761188,0,0,0,0
86.915,1778981223.961993,eth0,11.7978,17.6966,29.4944,1156704,1122368,0.0094,0.0179,0.0273,622633874,123763464,0,0,0,0
87.932,1778981224.979211,eth0,12.78,18.6784,31.4583,1156717,1122387,0.0106,0.0184,0.029,622635218,123765806,0,0,0,0
88.951,1778981225.997585,eth0,17.6752,22.585,40.2603,1156735,1122410,0.012,0.022,0.034,622636746,123768612,0,0,0,0
89.977,1778981227.024226,eth0,14.6108,19.481,34.0918,1156750,1122430,0.0104,0.0173,0.0277,622638082,123770832,0,0,0,0
